symbol,price,change,low,high,ema20,ema50,ema100,ema200,score
APOLLOHOSP,8498.0,0.06,8440.0,8558.0,8275.21,8024.63,7802.06,7607.49,87.4
SAILIFE,1218.1,3.12,1193.0,1244.2,1157.82,1099.44,1037.4,966.56,87.35
SYRMA,1266.7,2.52,1250.0,1279.9,1150.48,1047.14,954.58,858.91,86.0
CPPLUS,3375.9,0.97,3266.0,3436.4,3066.23,2626.87,2246.39,1886.57,82.0
IDEA,14.9,5.15,14.21,15.09,13.86,12.52,11.52,10.44,79.38
FORTIS,990.35,0.14,986.1,1002.0,963.92,939.36,921.49,903.0,78.96
HSCL,680.5,0.07,667.7,693.5,635.87,587.87,545.08,512.6,77.37
DATAPATTNS,4545.7,8.1,4253.5,4569.0,4157.27,3904.72,3584.75,3280.36,77.21
RBLBANK,365.85,1.88,353.55,368.45,347.59,335.31,323.88,306.59,76.72
NETWEB,4587.4,9.45,4315.0,4610.0,4319.77,4045.71,3769.51,3401.42,75.85
JBCHEPHARM,2257.7,0.22,2252.1,2300.0,2178.18,2123.55,2050.72,1954.47,72.07
KEI,5369.5,3.63,5211.5,5383.0,5213.84,5018.49,4783.98,4506.19,71.29
RRKABEL,2168.2,1.88,2142.1,2216.7,2057.46,1861.24,1694.67,1558.85,71.19
ACMESOLAR,335.75,0.39,334.4,347.7,322.57,300.78,281.64,268.52,70.34
MOTHERSON,143.4,1.89,141.25,145.44,139.34,132.5,126.55,119.86,69.02
ELGIEQUIP,603.85,1.75,595.1,608.65,584.2,557.56,534.1,519.56,69.01
MAHABANK,87.3,5.08,83.67,87.62,81.05,77.76,73.24,67.72,67.31
HONASA,413.65,-0.96,411.7,426.6,398.15,368.32,341.13,320.72,66.71
CARBORUNIV,1053.1,5.54,996.0,1060.0,1028.66,985.04,937.9,914.36,64.09
INDUSINDBK,917.35,3.19,889.95,919.7,905.1,895.08,882.73,864.84,63.73
ANGELONE,339.5,4.86,325.05,340.3,330.12,312.44,292.56,279.87,62.93
ABSLAMC,1101.2,3.05,1075.7,1119.4,1050.75,1021.03,970.35,911.23,62.58
FEDERALBNK,315.7,1.92,311.15,318.35,299.6,291.71,282.2,264.75,61.94
AJANTPHARM,3131.0,-0.39,3110.0,3178.9,3033.59,2986.61,2915.08,2827.28,61.86
ASTERDM,814.95,0.15,806.05,836.5,762.6,729.51,696.14,663.5,61.75
ENRIN,3606.9,5.7,3431.2,3650.0,3509.12,3309.75,3137.04,3033.06,61.02
NEULANDLAB,17198.0,1.33,16981.0,17400.0,16822.42,16007.13,15320.08,14858.02,60.63
KPIL,1301.6,3.91,1254.2,1310.0,1276.54,1244.86,1215.75,1200.71,59.62
VTL,627.85,2.18,616.25,630.8,611.91,591.23,557.1,520.66,59.5
KIRLOSENG,1890.5,5.15,1809.0,1905.0,1812.86,1697.98,1548.54,1360.58,58.12
KIMS,785.1,2.57,771.4,788.0,761.79,730.72,706.66,693.41,57.78
APARINDS,15221.0,4.6,14733.0,15340.0,13470.97,12476.18,11391.65,10302.03,57.69
ANTHEM,788.7,1.11,778.25,795.0,768.7,750.79,727.82,718.16,54.79
RADICO,3541.7,2.66,3460.2,3557.6,3476.82,3334.51,3187.22,3055.72,53.4
NAVINFLUOR,7303.0,2.04,7166.0,7330.0,7051.32,6839.46,6538.6,6089.18,51.9
ATHERENERG,1028.7,0.13,1019.5,1058.0,981.36,919.05,841.02,729.6,50.99
GRASIM,3105.5,0.52,3075.0,3120.0,3065.02,2963.71,2888.54,2834.71,50.35
ADANIGREEN,1485.7,2.15,1455.2,1493.0,1438.52,1313.36,1193.22,1107.25,49.86
CGPOWER,914.45,1.45,897.5,919.0,893.63,841.72,788.24,745.54,49.3
TORNTPHARM,4571.2,-0.02,4557.9,4666.0,4438.1,4353.48,4231.42,4025.98,49.28
BANDHANBNK,204.6,5.52,194.4,206.17,200.96,192.03,181.6,174.32,48.14
WELCORP,1402.3,0.93,1383.7,1413.5,1355.49,1238.61,1105.95,1004.5,47.07
ASIANPAINT,2747.4,2.1,2709.4,2753.0,2655.16,2569.23,2530.53,2502.74,45.43
EMCURE,1736.2,3.14,1679.0,1747.0,1713.42,1669.3,1604.96,1530.17,44.24
SAMMAANCAP,174.42,3.84,169.42,174.98,169.39,159.7,154.31,149.56,44.14
SHYAMMETL,983.75,1.48,973.25,991.9,958.44,914.29,884.59,871.32,42.93
BIOCON,419.0,0.73,414.5,422.15,415.05,401.17,390.8,382.02,42.67
ASHAPURMIN,692.05,2.03,678.35,695.95,680.61,649.99,636.52,614.62,41.78
POLYCAB,9554.0,1.94,9383.0,9576.0,9384.88,8866.05,8371.16,7852.98,39.77
GLAND,2262.2,-1.92,2250.0,2354.0,2212.59,2052.39,1939.11,1868.87,37.08
BELRISE,228.23,3.56,223.21,229.75,219.08,211.73,199.81,180.21,36.75
ADANIPORTS,1812.9,1.44,1777.9,1818.0,1789.31,1705.21,1619.2,1546.5,35.43
ACUTAAS,3145.3,0.55,3070.2,3190.5,3056.53,2794.32,2495.27,2131.94,35.04
CEMPRO,1122.4,-4.5,1116.5,1196.0,1047.32,904.33,813.93,775.95,34.91
AUROPHARMA,1472.8,0.59,1462.5,1481.0,1456.09,1420.11,1354.58,1280.14,34.69
CHENNPETRO,1137.7,-0.21,1115.2,1158.8,1119.85,1066.95,1010.25,931.81,34.67
LAURUSLABS,1394.3,0.25,1373.8,1410.0,1365.75,1267.98,1173.21,1063.13,34.48
CRAFTSMAN,8917.5,1.42,8755.5,9017.0,8788.54,8352.04,7941.12,7417.39,34.39
NYKAA,273.5,5.09,262.8,275.65,266.41,264.41,260.43,251.08,33.28
LALPATHLAB,1601.5,0.5,1585.9,1634.0,1579.17,1534.76,1498.59,1489.86,31.26
THERMAX,4726.3,3.39,4626.6,4746.9,4642.78,4302.64,3918.13,3636.89,30.67
WOCKPHARMA,1938.0,0.74,1918.5,1976.0,1835.17,1660.66,1545.49,1512.99,30.58
JSWSTEEL,1297.6,1.19,1285.1,1305.5,1283.71,1264.05,1234.33,1187.44,29.75
JINDALSAW,238.5,6.72,226.99,240.14,236.27,227.06,214.21,208.21,29.47
NAM-INDIA,1089.1,4.56,1048.5,1094.7,1077.19,1037.55,985.44,926.59,29.32
TRITURBINE,671.2,4.76,644.95,672.8,661.55,612.69,572.93,556.83,29.1
NUVAMA,1588.1,5.16,1521.5,1597.9,1526.13,1455.53,1408.93,1397.07,24.84
MINDACORP,637.2,0.68,632.0,648.6,609.38,574.5,561.55,556.6,24.58
YESBANK,23.02,3.6,22.43,23.05,22.54,21.7,21.27,21.1,23.81
ATGL,728.5,1.72,718.45,736.0,712.82,662.02,625.11,613.39,23.48
TIINDIA,3141.8,5.6,3000.0,3172.2,3051.86,2944.71,2849.51,2831.7,22.98
CGCL,208.48,4.61,199.05,209.1,197.19,190.1,185.41,182.99,22.82
HFCL,171.86,5.0,169.01,171.86,167.72,141.12,116.53,98.95,22.73
ADANIENT,2921.6,0.44,2886.2,2971.9,2858.69,2623.41,2455.04,2393.6,21.76
BSE,4041.1,3.93,3906.9,4055.5,3991.89,3765.74,3445.32,3132.71,21.67
VIJAYA,1287.2,0.63,1252.0,1295.9,1276.16,1196.68,1122.45,1067.78,20.12
LLOYDSME,1761.9,5.24,1705.4,1774.3,1747.2,1664.32,1544.56,1461.36,19.57
MARICO,819.05,1.02,808.5,821.85,816.29,803.62,785.4,762.69,19.55
CCL,1129.3,-0.34,1120.0,1153.5,1111.16,1096.28,1064.37,1010.95,19.43
NIVABUPA,83.96,1.19,82.72,84.86,82.75,80.52,78.84,78.6,17.36
PTCIL,18602.0,2.32,18300.0,18673.0,17773.56,17196.28,17058.9,16795.86,16.53
PHOENIXLTD,1757.6,1.43,1721.7,1785.0,1752.28,1741.79,1726.57,1700.18,16.14
FLUOROCHEM,3655.3,-0.68,3620.1,3704.5,3640.11,3573.64,3511.46,3505.64,15.56
ZENTEC,1793.8,4.59,1737.3,1817.0,1700.78,1621.31,1549.96,1540.17,15.45
ADANIENSOL,1489.6,1.56,1477.0,1509.0,1476.19,1361.02,1234.67,1111.23,14.18
CUMMINSIND,5621.5,1.16,5570.0,5663.5,5586.79,5345.49,5035.79,4636.19,14.09
NMDC,90.93,2.78,89.62,91.3,90.64,88.63,85.65,81.91,12.65
BHARATFORG,1945.1,0.11,1912.2,1982.7,1924.01,1878.08,1780.24,1634.38,12.23
ABCAPITAL,358.1,6.39,341.9,359.3,351.42,347.73,341.89,327.52,12.0
GRANULES,766.45,0.43,763.1,778.95,762.7,723.27,675.06,624.26,10.54
SUNPHARMA,1807.7,0.75,1792.5,1814.5,1806.01,1793.84,1770.09,1742.11,10.31
NSLNISP,47.24,3.8,46.15,47.4,47.04,44.57,42.97,42.04,10.21
ZFCVINDIA,14714.0,0.77,14663.0,14968.0,14564.89,14542.0,14452.27,14215.5,10.01
TATACOMM,1966.6,0.03,1944.2,1980.0,1893.96,1761.54,1699.98,1689.18,9.07
GMRAIRPORT,103.65,3.55,101.1,103.9,99.49,97.76,96.89,95.1,5.5
AIAENG,4333.7,0.35,4290.5,4387.5,4327.05,4124.38,3968.88,3798.8,4.97
ENGINERSIN,234.68,4.79,225.1,238.5,234.5,231.16,222.26,215.79,3.71
VBL,522.2,0.44,517.5,530.0,521.84,501.97,485.47,477.3,3.21
AUBANK,1015.5,5.42,959.1,1019.45,982.05,981.78,967.8,929.69,1.29
SJVN,72.61,3.26,71.1,73.0,73.51,74.25,75.28,79.3,0.0
KAYNES,3076.9,1.65,3026.9,3104.9,3245.59,3522.32,3838.06,4365.48,0.0
DALBHARAT,1659.2,3.04,1613.5,1663.5,1722.06,1805.37,1890.57,1981.44,0.0
MRF,125515.0,2.1,123540.0,125700.0,125312.41,128743.88,133490.13,138023.23,0.0
BAJFINANCE,918.3,5.49,881.1,921.0,899.82,910.96,925.7,940.27,0.0
INFY,1116.4,0.16,1111.5,1123.3,1172.25,1210.34,1285.58,1379.06,0.0
BHARTIARTL,1822.5,2.24,1784.0,1825.0,1823.27,1844.42,1879.93,1909.62,0.0
TRIDENT,24.19,2.63,23.75,24.25,24.38,24.8,25.35,26.48,0.0
PATANJALI,425.55,1.54,422.1,427.5,439.31,456.08,479.08,508.83,0.0
HAL,4192.3,0.48,4166.5,4224.0,4291.13,4290.62,4290.68,4388.64,0.0
WELSPUNLIV,138.54,2.21,135.12,138.99,139.66,135.24,132.07,130.88,0.0
IDFCFIRSTB,76.5,4.87,73.35,77.39,71.67,70.47,71.55,72.84,0.0
MSUMI,36.84,1.26,36.44,37.54,38.41,39.38,40.6,41.75,0.0
GMDCLTD,612.3,4.0,596.35,614.5,645.46,645.65,622.09,579.37,0.0
ITCHOTELS,154.05,3.19,150.5,154.65,153.68,157.19,165.84,180.65,0.0
DEVYANI,109.42,2.75,107.54,110.1,112.74,114.27,119.25,130.62,0.0
CIPLA,1389.4,0.44,1382.2,1396.1,1383.68,1357.86,1361.37,1398.34,0.0
ELECON,536.85,1.66,528.7,551.5,518.24,495.19,481.34,499.88,0.0
HEROMOTOCO,4962.6,2.61,4868.4,4969.0,4928.34,5060.55,5204.32,5215.79,0.0
DMART,3993.6,0.17,3955.0,4045.7,4124.45,4177.2,4143.05,4121.17,0.0
GODIGIT,301.05,1.5,294.05,302.3,304.26,310.92,319.24,328.69,0.0
NTPCGREEN,98.33,1.3,97.5,99.08,101.83,102.64,100.85,100.31,0.0
RHIM,367.8,2.68,359.95,369.45,383.6,391.74,404.76,425.82,0.0
ITC,285.1,0.96,283.0,285.85,289.08,298.41,313.87,340.7,0.0
ABBOTINDIA,26280.0,0.82,25960.0,26435.0,26549.97,26613.52,26975.04,28002.47,0.0
JUBLINGREA,623.4,0.98,620.3,634.95,654.25,665.46,663.79,670.31,0.0
UPL,610.1,2.75,598.05,615.0,630.91,640.35,657.17,671.15,0.0
RELIANCE,1293.0,2.38,1262.5,1297.0,1312.64,1347.15,1378.3,1406.43,0.0
MAPMYINDIA,842.2,-0.05,836.05,863.2,867.81,923.11,1050.84,1253.86,0.0
MGL,1094.9,3.2,1066.1,1104.5,1081.9,1083.76,1098.89,1151.15,0.0
BAJAJ-AUTO,10063.0,-0.5,9922.0,10250.0,10277.73,10100.88,9833.26,9494.77,0.0
FSL,247.55,0.22,245.45,253.75,254.73,249.04,258.73,285.87,0.0
JUBLFOOD,419.35,1.39,411.1,421.4,432.25,450.29,477.3,522.09,0.0
ACC,1336.6,2.52,1308.2,1343.8,1353.93,1392.56,1470.58,1586.03,0.0
CYIENT,877.95,3.7,861.75,883.45,885.14,898.55,942.22,1025.23,0.0
COROMANDEL,1916.7,2.74,1858.0,1932.5,1841.4,1911.91,2008.18,2111.86,0.0
PVRINOX,943.5,-0.17,939.05,964.0,974.93,989.52,1002.75,1016.14,0.0
SAGILITY,40.47,3.08,39.66,40.68,40.71,41.55,42.86,43.77,0.0
AFFLE,1446.3,0.7,1401.3,1469.5,1468.51,1466.78,1507.21,1606.27,0.0
DIXON,11546.0,1.54,11389.0,11571.0,11408.04,11232.3,11488.47,12383.33,0.0
ANANDRATHI,1765.3,1.23,1740.1,1769.7,1762.12,1738.48,1672.81,1559.23,0.0
INDHOTEL,679.45,3.62,659.05,681.95,659.34,654.09,661.41,682.72,0.0
DLF,587.05,4.27,565.55,589.2,579.46,584.05,604.21,652.53,0.0
TATACHEM,745.95,0.64,741.9,762.9,740.25,735.94,740.24,776.4,0.0
ABREL,1198.4,1.49,1181.4,1228.6,1250.89,1296.81,1362.62,1535.1,0.0
USHAMART,486.5,1.33,482.4,491.0,487.18,468.97,451.97,429.81,0.0
BAJAJHLDNG,10161.0,3.02,9904.0,10199.0,10216.22,10263.74,10496.81,11164.7,0.0
BALRAMCHIN,539.95,-1.57,536.0,552.0,534.91,521.37,505.07,505.65,0.0
UNITDSPR,1272.4,1.16,1261.2,1277.0,1270.81,1290.4,1314.35,1345.41,0.0
CESC,168.15,0.1,167.75,169.99,176.32,174.89,170.79,168.25,0.0
AFCONS,326.0,2.92,317.0,327.85,321.96,321.31,330.24,355.68,0.0
ANURAS,1250.3,-0.61,1208.2,1299.0,1314.01,1316.91,1295.69,1252.9,0.0
NAUKRI,972.2,0.87,962.0,983.9,980.73,995.37,1054.86,1157.13,0.0
GRAVITA,1602.9,2.04,1560.2,1616.0,1618.71,1616.83,1619.69,1649.95,0.0
COFORGE,1367.2,-1.91,1364.0,1410.4,1391.96,1350.07,1384.95,1489.6,0.0
MFSL,1579.0,1.08,1548.1,1592.5,1611.95,1629.4,1641.11,1632.95,0.0
INOXWIND,88.03,8.55,82.33,88.4,89.03,92.56,98.92,113.8,0.0
CAMS,757.55,4.83,732.7,760.0,759.55,751.94,742.83,749.32,0.0
TVSMOTOR,3312.8,0.77,3265.6,3366.8,3377.42,3464.38,3517.06,3458.25,0.0
THELEELA,429.8,5.69,409.3,431.45,415.47,418.17,420.87,421.74,0.0
PPLPHARMA,163.85,1.57,162.2,166.39,168.33,165.76,165.45,171.76,0.0
MEDANTA,1235.1,0.49,1216.1,1244.7,1214.99,1180.21,1165.58,1178.29,0.0
GILLETTE,7726.0,0.75,7679.0,7930.0,7787.61,7869.38,8049.59,8488.46,0.0
FORCEMOT,17892.0,4.67,17182.0,18000.0,18564.63,19597.84,19942.42,19197.49,0.0
INDIACEM,393.1,2.2,382.3,394.2,388.39,393.62,398.3,394.76,0.0
IRCTC,521.35,0.06,520.05,525.65,524.52,537.57,565.08,613.17,0.0
CHAMBLFERT,470.2,1.05,466.0,471.6,461.98,455.16,454.8,468.48,0.0
UNOMINDA,1057.7,-0.9,1031.3,1086.0,1088.19,1102.28,1126.14,1146.33,0.0
TEGA,1756.5,4.05,1698.2,1762.2,1725.22,1703.46,1725.6,1746.13,0.0
LATENTVIEW,301.25,5.33,287.5,303.5,306.57,310.92,332.27,362.93,0.0
TMPV,390.0,3.75,379.0,392.95,380.76,367.17,372.87,424.84,0.0
IGL,163.52,1.69,161.04,165.75,161.87,162.25,167.26,177.56,0.0
OLECTRA,1296.0,3.48,1269.0,1300.0,1260.85,1219.19,1194.48,1210.89,0.0
BOSCHLTD,39060.0,3.98,38310.0,39450.0,37165.26,36436.84,36069.68,35836.55,0.0
IRB,20.81,2.97,20.33,20.87,21.06,21.19,21.23,21.64,0.0
NIACL,152.8,4.0,147.7,153.5,154.7,155.08,155.51,161.82,0.0
IFCI,84.57,19.99,72.3,84.57,71.51,65.73,61.87,59.65,0.0
AIIL,530.15,15.26,467.7,547.0,478.75,480.97,493.65,512.28,0.0
TRAVELFOOD,1241.7,2.08,1212.1,1256.0,1215.26,1212.01,1211.46,1202.66,0.0
HINDZINC,559.9,2.73,555.1,565.0,594.55,600.02,589.86,566.22,0.0
HBLENGINE,774.3,3.79,755.0,775.95,781.63,775.39,773.73,766.14,0.0
MMTC,68.06,7.91,63.75,71.35,65.46,64.28,63.55,64.14,0.0
SCI,297.05,3.48,289.65,298.0,301.37,294.3,276.99,257.11,0.0
IPCALAB,1583.0,-1.9,1568.6,1640.0,1589.33,1560.45,1525.6,1481.97,0.0
JSWCEMENT,127.37,2.19,125.4,128.0,127.12,125.57,124.83,127.65,0.0
ONGC,246.2,-2.53,243.35,250.85,268.58,275.75,272.48,264.34,0.0
COALINDIA,443.5,-0.61,439.65,453.35,460.83,457.53,446.31,429.3,0.0
KFINTECH,826.7,2.62,808.0,828.35,843.88,876.31,922.86,989.71,0.0
TRENT,2755.3,1.64,2720.4,2783.9,2774.31,2757.78,2911.06,3434.32,0.0
UBL,1353.3,2.47,1323.6,1358.0,1344.87,1403.35,1479.74,1597.81,0.0
LTFOODS,380.9,1.8,371.0,382.5,389.39,398.07,400.88,409.86,0.0
ULTRACEMCO,11117.0,2.65,10843.0,11154.0,11215.72,11459.63,11649.75,11770.56,0.0
SOLARINDS,17143.0,0.01,17060.0,17579.0,17710.01,16640.54,15573.88,15033.84,0.0
HINDALCO,1021.6,-0.26,1015.3,1049.0,1078.25,1050.14,998.11,919.17,0.0
APTUS,271.7,5.13,259.0,274.8,260.65,256.19,257.64,271.02,0.0
CANBK,131.67,0.11,128.8,131.92,132.44,134.34,136.62,134.92,0.0
MOTILALOFS,888.45,6.84,854.45,890.6,853.47,828.79,818.81,830.92,0.0
ITI,299.25,3.62,292.0,301.0,295.73,291.89,291.16,296.87,0.0
COHANCE,426.95,0.83,422.7,434.95,429.1,416.42,433.64,534.75,0.0
WIPRO,180.14,1.56,177.57,180.45,192.9,198.31,207.83,222.09,0.0
BLUEDART,4758.6,1.03,4725.6,4776.9,4822.3,5018.38,5206.09,5462.57,0.0
AXISBANK,1356.3,2.96,1318.5,1358.5,1289.73,1286.96,1282.41,1262.47,0.0
KPRMILL,1065.8,1.05,1056.6,1083.2,1010.53,963.86,947.4,968.51,0.0
CAPLIPOINT,2407.8,3.29,2344.0,2425.0,2099.64,1951.01,1885.29,1902.13,0.0
COCHINSHIP,1424.3,2.63,1395.5,1428.0,1477.33,1513.45,1537.29,1620.53,0.0
BHEL,378.75,2.19,369.7,380.15,391.26,366.41,333.06,302.35,0.0
UCOBANK,25.99,3.46,25.27,26.04,25.44,25.78,26.6,27.87,0.0
SAIL,184.09,1.51,180.35,185.82,191.51,184.84,173.15,159.49,0.0
ANANTRAJ,534.75,4.19,520.5,536.0,527.65,516.1,519.29,533.77,0.0
JSWENERGY,559.35,1.29,549.3,566.3,566.43,549.91,532.0,520.83,0.0
BBTC,1518.8,1.93,1494.7,1525.0,1512.86,1528.13,1588.67,1689.42,0.0
SBILIFE,1706.0,-0.76,1700.4,1744.9,1794.26,1841.83,1882.24,1893.09,0.0
BDL,1200.2,3.44,1167.8,1204.0,1241.13,1287.25,1330.18,1419.92,0.0
TBOTEK,1352.8,7.74,1254.1,1369.0,1230.56,1231.57,1280.58,1340.82,0.0
CHOLAFIN,1568.1,7.78,1485.0,1577.6,1517.82,1543.5,1572.02,1591.86,0.0
PGEL,483.3,5.29,465.5,487.0,480.28,499.63,523.92,563.41,0.0
ASTRAL,1508.6,1.23,1498.0,1531.6,1530.01,1546.43,1543.26,1523.28,0.0
TEJASNET,598.85,4.42,575.0,602.9,530.33,486.25,466.63,489.75,0.0
INDIGO,4709.7,4.6,4561.7,4725.0,4482.05,4471.77,4604.36,4873.49,0.0
DCMSHRIRAM,1027.8,-0.3,1018.5,1053.6,1062.07,1102.08,1126.26,1151.5,0.0
HYUNDAI,1990.1,2.58,1955.2,1997.8,1895.7,1897.63,1972.19,2058.49,0.0
SBICARD,589.45,3.73,571.2,591.0,603.95,637.41,687.04,757.55,0.0
PARADEEP,126.25,3.9,123.0,127.0,125.22,125.08,129.43,141.2,0.0
LINDEINDIA,6916.0,2.98,6739.5,6949.5,7046.44,7100.42,6938.49,6774.94,0.0
INDIAMART,2016.4,2.45,1978.1,2019.5,2009.15,2043.87,2103.65,2204.11,0.0
HEXT,498.65,-0.72,491.6,523.95,509.53,502.41,532.56,599.67,0.0
PCBL,290.25,4.5,283.05,292.7,286.94,285.87,290.93,311.39,0.0
SIGNATURE,776.4,-0.17,753.1,786.3,812.38,834.11,878.04,961.1,0.0
ASHOKLEY,152.45,10.01,142.7,153.45,150.52,159.18,164.6,160.34,0.0
NESTLEIND,1375.7,-3.29,1370.6,1434.9,1409.55,1385.4,1345.35,1300.18,0.0
ENDURANCE,2502.6,0.9,2471.1,2548.8,2571.11,2529.96,2520.33,2543.37,0.0
LICHSGFIN,559.5,4.4,542.05,561.25,546.84,543.64,540.57,547.86,0.0
APLAPOLLO,1817.6,3.03,1758.3,1822.6,1831.41,1894.72,1923.11,1901.13,0.0
ABFRL,59.9,2.85,58.68,60.05,61.62,62.88,65.17,68.89,0.0
ADANIPOWER,223.07,3.51,216.43,223.89,226.37,212.34,191.64,169.46,0.0
UTIAMC,923.55,1.0,914.35,932.95,936.61,957.51,998.18,1071.19,0.0
ATUL,6517.5,0.32,6502.0,6619.0,6733.67,6710.75,6581.44,6519.8,0.0
SPLPETRO,702.1,5.23,676.25,708.0,690.66,699.81,695.62,702.19,0.0
SBFC,90.59,0.81,90.01,91.56,91.93,92.48,94.36,98.4,0.0
HDFCAMC,2455.9,2.77,2380.8,2463.6,2565.0,2610.52,2621.41,2629.9,0.0
ABB,6770.5,0.77,6722.0,6854.5,6909.28,6769.78,6446.03,6103.21,0.0
RPOWER,26.61,3.46,26.01,26.76,27.17,27.19,28.78,34.92,0.0
EIDPARRY,729.55,2.72,712.0,731.95,754.07,792.08,839.78,901.67,0.0
ASAHIINDIA,883.6,2.68,869.55,887.15,875.6,868.02,878.53,879.31,0.0
BRITANNIA,5165.5,1.03,5115.0,5178.5,5230.12,5415.85,5578.57,5682.01,0.0
MUTHOOTFIN,3042.2,5.27,2951.2,3051.7,3168.49,3304.12,3376.58,3315.27,0.0
ABLBL,98.34,3.1,96.34,98.74,100.11,102.08,106.37,116.01,0.0
RITES,206.06,2.77,201.81,206.7,205.59,208.53,214.0,227.34,0.0
JKCEMENT,4858.5,3.35,4671.5,4873.0,5063.89,5257.92,5416.48,5632.84,0.0
TARIL,315.1,4.86,306.0,316.0,312.85,309.01,311.13,341.52,0.0
NAVA,584.25,3.23,569.55,587.0,604.24,615.14,607.57,598.82,0.0
BATAINDIA,669.1,1.71,658.3,671.8,676.5,701.25,758.2,865.79,0.0
LUPIN,2293.3,0.88,2269.5,2297.1,2273.19,2280.77,2252.07,2185.39,0.0
LTF,275.95,7.42,262.95,277.0,271.85,276.13,277.17,267.85,0.0
BEL,406.5,1.04,403.3,409.0,413.85,422.31,424.13,418.68,0.0
DRREDDY,1275.4,-0.05,1266.0,1291.0,1286.75,1285.9,1278.31,1278.52,0.0
ICICIPRULI,468.15,1.68,462.15,469.95,492.99,522.24,553.75,582.69,0.0
KPITTECH,749.0,1.64,736.3,752.0,755.51,759.51,822.05,947.31,0.0
PREMIERENE,1034.6,-2.21,1025.4,1084.7,1046.73,1001.01,957.05,947.87,0.0
SONATSOFTW,254.05,-0.31,251.4,262.8,263.9,265.47,278.32,307.78,0.0
HDBFS,641.0,2.86,627.1,647.1,648.53,658.44,675.14,707.87,0.0
GESHIP,1389.1,-0.03,1362.1,1417.2,1480.08,1477.64,1404.81,1287.59,0.0
GODFRYPHLP,2301.0,4.92,2228.2,2308.9,2262.28,2239.63,2283.41,2443.32,0.0
TIMKEN,3530.2,0.53,3510.0,3598.9,3561.14,3508.33,3406.17,3305.81,0.0
MAXHEALTH,1012.45,0.28,1008.3,1018.0,999.97,1005.23,1021.39,1061.19,0.0
POONAWALLA,391.9,5.21,375.75,393.45,394.28,406.49,419.36,431.31,0.0
NATCOPHARM,863.9,2.58,849.1,866.0,978.18,1026.8,1005.44,967.48,0.0
DABUR,426.4,1.11,420.55,429.05,434.36,445.63,460.05,474.51,0.0
JKTYRE,378.25,7.32,359.0,381.65,380.84,398.53,418.55,422.5,0.0
KOTAKBANK,403.3,2.53,394.95,404.5,385.17,384.46,390.92,400.85,0.0
INDUSTOWER,421.2,1.99,417.0,424.6,424.3,424.56,423.21,414.35,0.0
RKFORGE,592.2,5.38,567.1,595.0,564.96,562.27,555.86,561.55,0.0
MANAPPURAM,305.2,4.5,297.2,305.9,307.52,301.31,294.7,288.68,0.0
KARURVYSYA,288.95,4.75,277.75,289.9,286.23,288.7,284.86,269.68,0.0
CONCOR,450.2,2.26,438.6,451.35,467.28,481.44,490.85,511.16,0.0
CRISIL,3893.9,-0.11,3852.0,3960.0,3963.75,4065.46,4209.44,4473.47,0.0
SUNDARMFIN,4159.0,1.14,4115.0,4215.0,4279.94,4509.22,4690.9,4799.46,0.0
AARTIIND,440.6,2.98,427.8,443.95,458.28,458.14,444.0,432.2,0.0
CLEAN,769.6,3.85,748.5,773.45,773.43,776.18,801.99,903.13,0.0
JINDALSTEL,1148.5,2.43,1128.1,1150.9,1184.69,1198.19,1176.25,1124.92,0.0
SARDAEN,520.45,-0.32,508.05,530.0,535.84,543.97,539.07,526.2,0.0
NHPC,73.79,2.3,72.63,73.93,76.0,77.56,78.24,79.72,0.0
MCX,2853.0,2.67,2781.2,2858.0,2946.67,2907.77,2716.16,2414.07,0.0
GRSE,2648.7,4.44,2575.0,2659.3,2655.46,2649.9,2607.92,2616.84,0.0
ESCORTS,2761.4,1.35,2729.0,2779.8,2845.59,2993.97,3154.17,3282.28,0.0
BLUEJET,512.5,2.82,493.65,520.8,466.21,447.91,457.0,530.59,0.0
BERGEPAINT,515.15,0.23,510.0,523.35,504.47,491.35,488.72,502.76,0.0
BEML,1775.7,2.8,1745.1,1780.2,1773.14,1762.56,1764.82,1828.1,0.0
GODREJPROP,1691.4,4.54,1637.4,1696.9,1708.04,1728.96,1770.72,1881.74,0.0
JWL,275.6,4.24,267.1,277.0,279.13,280.78,285.89,302.21,0.0
GODREJIND,1037.9,2.84,1014.7,1067.2,1062.83,1037.76,1020.72,1049.47,0.0
VOLTAS,1285.4,0.63,1273.1,1305.0,1285.1,1320.63,1350.74,1360.81,0.0
SYNGENE,458.55,2.37,449.0,460.0,450.79,450.88,472.44,521.14,0.0
BAJAJHFL,84.59,2.11,83.35,84.79,84.09,85.02,87.72,94.47,0.0
LEMONTREE,107.23,3.42,104.29,108.06,110.82,113.78,120.11,129.48,0.0
LTTS,3351.1,1.82,3287.6,3365.0,3398.42,3467.61,3587.19,3806.07,0.0
CDSL,1227.9,3.17,1202.5,1230.4,1219.01,1240.97,1288.52,1374.68,0.0
SUMICHEM,461.85,2.98,451.0,464.75,467.5,455.01,448.68,460.02,0.0
JYOTICNC,681.7,7.71,639.45,687.9,650.38,695.78,753.21,834.96,0.0
AEGISVOPAK,217.85,9.4,202.51,219.05,198.67,198.96,206.0,218.93,0.0
GALLANTT,654.35,0.26,649.35,671.9,676.16,694.27,669.55,631.4,0.0
MRPL,161.01,3.41,155.72,162.7,155.7,161.48,164.76,161.45,0.0
NLCINDIA,316.3,1.92,311.6,319.85,331.21,319.06,299.46,279.48,0.0
TATATECH,761.0,4.04,737.0,763.8,716.36,664.39,642.94,652.11,0.0
SUNTV,514.7,2.65,505.15,517.0,518.83,543.94,558.96,569.99,0.0
JIOFIN,235.89,3.45,230.0,236.5,235.73,240.01,249.78,265.58,0.0
LODHA,899.3,3.6,875.6,901.0,888.64,890.49,927.95,1023.51,0.0
EXIDEIND,391.95,1.63,388.0,393.9,380.47,361.85,353.84,358.73,0.0
CHOICEIN,673.5,2.65,661.8,678.0,666.75,677.04,698.22,719.46,0.0
COLPAL,2079.0,2.48,2042.0,2082.5,2059.69,2072.49,2089.53,2142.85,0.0
CONCORDBIO,1353.8,0.78,1335.6,1367.4,1208.48,1166.62,1196.29,1330.24,0.0
KEC,504.45,3.33,491.0,509.0,504.87,530.82,573.46,647.1,0.0
CUB,201.7,4.72,196.5,208.5,190.65,192.24,193.52,188.3,0.0
ETERNAL,243.8,3.66,237.65,244.5,246.77,248.46,255.74,265.64,0.0
ERIS,1404.6,2.86,1365.3,1411.4,1372.22,1371.32,1399.29,1475.62,0.0
PIIND,2841.7,1.45,2811.6,2859.4,2831.09,2913.3,3021.68,3224.2,0.0
SWANCORP,316.55,1.31,312.0,317.8,318.33,330.14,353.5,384.82,0.0
IIFL,518.9,5.66,500.0,521.65,488.35,479.03,487.25,495.05,0.0
SUZLON,55.08,3.36,53.77,55.2,54.47,52.61,51.38,52.83,0.0
NEWGEN,464.25,1.98,458.15,468.85,470.59,478.9,534.51,660.14,0.0
HUDCO,205.68,1.16,202.36,208.04,206.18,204.11,203.49,208.19,0.0
ABDL,644.45,5.92,608.85,646.95,570.36,544.87,531.89,521.09,0.0
BLUESTARCO,1583.8,1.73,1556.2,1587.9,1612.54,1677.9,1730.12,1755.87,0.0
CREDITACC,1310.4,3.47,1265.0,1315.7,1290.75,1290.2,1285.95,1282.46,0.0
HDFCLIFE,555.35,1.85,545.7,557.85,579.93,602.26,635.47,676.72,0.0
HDFCBANK,772.45,3.74,753.1,774.45,756.54,777.91,819.44,872.18,0.0
IKS,1678.3,1.78,1648.1,1694.1,1654.44,1606.13,1580.69,1587.66,0.0
JSL,694.55,2.24,678.0,698.0,701.13,726.21,742.25,748.43,0.0
CENTRALBK,31.04,2.88,30.53,31.15,31.49,33.2,34.6,35.83,0.0
GABRIEL,1040.6,3.15,1012.2,1062.2,1051.29,1034.96,1016.39,989.85,0.0
BHARTIHEXA,1477.4,-0.07,1452.4,1492.0,1499.65,1525.23,1568.85,1632.06,0.0
IRCON,135.35,3.91,131.75,136.0,137.72,141.14,145.63,155.86,0.0
FACT,902.35,1.48,886.7,914.95,883.61,871.67,861.78,878.01,0.0
LICI,399.35,1.56,393.15,399.8,401.95,403.49,409.04,421.45,0.0
HONAUT,36160.0,2.64,35455.0,36400.0,34283.74,32678.78,32365.11,33356.8,0.0
DOMS,2291.0,1.58,2250.5,2319.9,2197.5,2247.86,2303.82,2359.48,0.0
DIVISLAB,6638.0,-0.26,6622.0,6738.5,6654.8,6555.66,6456.55,6428.9,0.0
STARHEALTH,519.6,-0.07,517.7,527.6,521.62,509.68,494.59,480.32,0.0
EICHERMOT,7312.0,1.85,7212.0,7354.5,7167.39,7161.86,7147.22,6932.86,0.0
HAVELLS,1154.1,2.22,1134.5,1156.9,1174.84,1218.62,1274.29,1348.76,0.0
NCC,151.69,4.59,146.15,152.0,149.66,152.29,156.11,169.03,0.0
SBIN,1017.15,1.64,1004.35,1018.7,988.93,1012.36,1022.13,991.17,0.0
UNIONBANK,170.05,3.35,166.15,170.42,166.6,169.29,169.61,164.79,0.0
SHREECEM,24175.0,2.0,23785.0,24315.0,24422.48,24696.5,25225.38,26294.68,0.0
CHALET,730.7,0.75,720.35,746.85,765.97,775.29,796.17,830.8,0.0
JSWDULUX,3168.4,-0.61,3150.1,3270.0,3075.19,3017.36,3029.82,3102.54,0.0
APOLLOTYRE,396.3,4.21,386.0,397.35,392.06,405.67,427.22,447.23,0.0
SRF,2743.0,3.18,2681.3,2748.0,2694.23,2659.22,2686.54,2777.22,0.0
WHIRLPOOL,769.95,0.08,764.15,778.8,820.08,854.23,892.89,985.05,0.0
PRESTIGE,1387.3,4.68,1334.1,1394.0,1367.35,1374.57,1407.47,1473.06,0.0
SOBHA,1332.9,4.52,1277.9,1342.0,1351.37,1367.16,1389.96,1434.38,0.0
AADHARHFC,473.65,4.55,458.0,476.2,470.94,474.97,476.98,477.56,0.0
AMBUJACEM,423.1,4.2,408.7,426.05,428.53,440.83,463.17,494.03,0.0
CANFINHOME,862.3,2.11,840.65,865.95,838.86,848.06,855.44,850.55,0.0
EIHOTEL,295.45,2.02,288.0,296.5,301.01,310.66,321.48,336.96,0.0
OBEROIRLTY,1622.8,2.53,1591.1,1635.0,1637.19,1630.97,1621.14,1646.31,0.0
HCLTECH,1109.6,-0.05,1100.5,1122.5,1162.69,1227.98,1320.62,1422.36,0.0
INDIANB,845.5,2.4,824.85,850.95,839.97,855.11,858.2,826.0,0.0
NBCC,105.16,4.62,102.36,105.46,100.75,97.19,97.52,101.7,0.0
NTPC,353.9,0.58,349.7,357.0,371.75,379.05,373.85,362.3,0.0
HEG,526.3,2.79,511.05,531.75,554.23,569.66,565.92,552.84,0.0
FIRSTCRY,216.76,2.06,213.42,217.9,223.27,230.31,244.57,274.7,0.0
TECHNOE,1038.7,2.89,1016.6,1047.2,1086.79,1132.44,1146.07,1196.73,0.0
LT,4049.3,4.85,3921.0,4059.8,3959.2,3953.04,3939.92,3890.68,0.0
NH,1893.9,1.9,1869.5,1908.0,1900.18,1855.22,1830.88,1826.96,0.0
BRIGADE,678.6,4.65,654.55,681.9,668.83,696.81,735.95,817.87,0.0
PFIZER,4509.2,-1.39,4501.0,4578.1,4587.25,4678.78,4773.64,4952.2,0.0
ALKEM,5298.0,-0.07,5283.0,5358.5,5358.93,5409.88,5446.41,5410.13,0.0
SCHNEIDER,1105.7,1.51,1073.5,1116.3,1185.74,1152.45,1053.0,951.8,0.0
POWERINDIA,34325.0,3.23,33740.0,34435.0,34769.86,32522.91,29080.7,25350.11,0.0
TCS,2161.4,1.21,2138.0,2168.0,2247.37,2361.61,2530.34,2755.87,0.0
KALYANKJIL,344.75,4.22,335.0,345.75,356.08,375.22,398.58,432.28,0.0
PAGEIND,38625.0,2.34,37955.0,38850.0,37988.76,37015.57,36570.92,37885.24,0.0
PIDILITIND,1535.5,2.45,1515.1,1553.9,1475.11,1445.95,1439.52,1453.54,0.0
DEEPAKFERT,1554.6,3.53,1511.1,1584.0,1428.5,1319.99,1259.48,1285.54,0.0
CHOLAHLDNG,1524.2,6.92,1431.0,1538.0,1524.34,1569.98,1620.43,1706.07,0.0
HINDCOPPER,510.0,2.15,507.5,516.85,533.29,539.23,521.97,467.91,0.0
GLENMARK,2173.8,1.37,2117.0,2178.0,2232.88,2242.83,2186.25,2085.35,0.0
GICRE,379.25,2.39,371.55,380.45,384.48,385.75,383.93,382.89,0.0
JBMA,683.8,6.04,652.05,689.95,654.97,633.26,617.98,621.68,0.0
IOB,33.37,2.93,32.51,33.48,33.34,33.79,34.45,35.56,0.0
360ONE,1096.8,3.07,1058.0,1099.0,1082.28,1078.39,1082.04,1089.62,0.0
PNBHOUSING,989.9,3.77,965.1,994.0,1007.94,987.59,952.33,942.05,0.0
RAILTEL,308.75,4.84,297.0,311.0,313.45,315.05,319.73,337.59,0.0
AEGISLOG,944.4,2.0,913.2,976.4,778.34,730.51,714.3,722.41,0.0
SIEMENS,3569.6,1.35,3518.0,3599.7,3661.7,3600.88,3473.15,3356.63,0.0
FINCABLES,1035.8,2.26,1015.0,1040.0,1037.62,1002.13,944.11,904.73,0.0
BPCL,302.35,5.59,292.55,303.8,295.03,302.12,314.96,325.17,0.0
DELHIVERY,440.5,1.91,434.0,442.85,445.86,448.35,442.83,432.49,0.0
KAJARIACER,1082.3,0.49,1071.6,1089.7,1084.04,1076.46,1062.78,1066.28,0.0
RECLTD,348.05,3.32,339.9,348.75,341.92,345.12,349.44,358.74,0.0
PETRONET,274.75,4.45,264.0,275.2,270.88,273.17,276.23,280.55,0.0
RVNL,233.26,4.98,225.1,234.0,247.48,266.93,284.28,308.78,0.0
TATACONSUM,1100.7,-0.71,1096.7,1120.8,1146.32,1150.71,1145.4,1136.6,0.0
JMFINANCIL,120.63,4.27,116.17,122.0,124.77,128.88,132.61,139.0,0.0
OLAELEC,45.74,0.44,45.25,47.49,41.93,38.08,36.58,38.19,0.0
MANKIND,2381.1,0.35,2368.1,2419.0,2377.92,2322.74,2275.87,2282.9,0.0
ACE,931.05,4.38,896.45,934.85,890.9,887.1,897.88,948.81,0.0
CEATLTD,3334.3,5.88,3185.6,3354.0,3227.62,3334.2,3455.35,3555.27,0.0
TATAPOWER,393.55,0.85,388.0,395.8,408.79,410.79,404.16,398.34,0.0
IGIL,366.75,3.62,357.2,367.5,361.05,352.72,345.51,346.35,0.0
BIKAJI,673.8,0.32,667.6,680.0,659.3,657.21,663.62,683.65,0.0
SHRIRAMFIN,954.95,7.75,901.6,959.1,928.36,949.19,946.09,894.28,0.0
3MINDIA,31550.0,1.24,31255.0,31695.0,32062.28,32337.83,32703.5,32509.38,0.0
SONACOMS,593.05,1.36,584.5,597.6,594.61,578.47,553.19,527.15,0.0
AAVAS,1405.7,5.83,1353.4,1444.8,1334.29,1333.13,1354.41,1441.3,0.0
PAYTM,1073.9,4.97,1031.1,1077.0,1084.86,1103.61,1125.02,1127.79,0.0
DEEPAKNTR,1669.9,3.57,1629.9,1685.3,1694.4,1674.45,1651.86,1680.2,0.0
BANKINDIA,145.68,3.04,141.91,145.95,142.44,144.21,145.69,142.45,0.0
GAIL,170.5,2.66,166.67,171.2,165.76,162.82,162.9,167.43,0.0
JUBLPHARMA,976.75,3.27,939.05,981.75,974.22,958.61,960.66,995.58,0.0
SUPREMEIND,3485.0,1.2,3434.0,3520.0,3542.51,3604.65,3665.24,3780.45,0.0
ZEEL,112.6,1.03,109.0,114.95,99.4,92.67,91.28,97.03,0.0
PERSISTENT,4811.0,-1.29,4794.0,4945.5,5027.32,5066.77,5217.17,5419.71,0.0
TTML,46.44,10.18,42.22,47.89,43.39,42.81,43.8,48.46,0.0
TATAINVEST,665.9,4.76,645.7,678.65,667.86,671.41,674.95,686.21,0.0
PFC,421.05,1.81,414.2,421.6,429.52,431.25,422.19,412.65,0.0
BALKRISIND,2013.1,1.98,1990.0,2027.0,2131.9,2184.49,2242.53,2307.52,0.0
HINDUNILVR,2168.8,1.36,2145.0,2179.4,2162.64,2198.88,2242.15,2297.99,0.0
TITAGARH,858.65,4.37,831.1,861.1,822.62,788.68,777.98,798.53,0.0
HINDPETRO,388.9,6.34,372.0,391.1,382.63,383.47,394.01,405.65,0.0
REDINGTON,236.13,2.2,232.01,236.99,230.64,228.75,236.1,250.05,0.0
OFSS,9327.5,0.67,9226.5,9409.0,9642.01,9103.38,8583.79,8429.78,0.0
WAAREEENER,3031.4,0.58,3020.0,3077.6,3068.63,3093.56,3078.25,3061.21,0.0
MAZDOCK,2410.1,2.67,2366.0,2418.0,2440.17,2468.37,2488.86,2588.62,0.0
VMM,119.77,1.8,117.82,120.1,119.64,119.61,121.2,124.89,0.0
ONESOURCE,1612.5,-2.36,1591.8,1670.0,1752.65,1705.96,1654.49,1679.36,0.0
EMAMILTD,390.8,1.13,386.5,394.0,401.18,419.54,443.43,478.73,0.0
GLAXO,2121.5,0.87,2088.1,2131.9,2228.76,2313.98,2392.6,2541.45,0.0
CASTROLIND,182.68,0.31,182.11,183.05,183.09,183.24,184.88,190.07,0.0
SCHAEFFLER,4055.7,5.06,3865.0,4064.0,4052.07,4058.27,4028.21,4017.57,0.0
TATASTEEL,197.86,-0.05,195.8,200.82,206.55,206.84,201.47,190.85,0.0
TORNTPOWER,1392.0,1.14,1371.5,1399.6,1454.53,1491.7,1473.16,1433.47,0.0
GRAPHITE,644.45,3.21,625.0,647.45,696.91,699.11,676.36,639.63,0.0
BAJAJFINSV,1689.1,2.67,1649.2,1692.0,1725.45,1765.75,1824.23,1894.2,0.0
INTELLECT,743.05,1.83,736.2,747.7,729.7,724.89,759.99,848.6,0.0
IEX,120.84,3.22,118.12,121.1,123.24,125.11,127.9,136.6,0.0
BLS,262.1,4.48,253.05,263.8,263.72,268.8,277.51,296.98,0.0
CROMPTON,256.2,1.26,252.2,259.0,270.18,269.46,266.97,275.7,0.0
FIVESTAR,439.15,3.72,423.5,442.0,441.3,445.43,459.98,509.8,0.0
PNB,106.88,0.67,104.37,107.52,106.17,108.08,111.28,112.97,0.0
CARTRADE,2345.3,-1.68,2310.7,2419.4,2009.04,1915.38,1993.0,2082.76,0.0
VEDL,309.65,1.56,303.7,314.0,337.15,429.14,502.42,525.59,0.0
TECHM,1429.2,-2.45,1425.0,1478.6,1467.59,1458.51,1470.05,1498.32,0.0
SAREGAMA,455.85,0.78,449.0,469.0,430.39,395.82,381.63,398.07,0.0
RAINBOW,1365.0,1.87,1340.0,1368.0,1340.84,1305.01,1286.94,1310.74,0.0
IREDA,122.13,3.24,119.56,122.75,124.92,126.61,128.79,135.92,0.0
SWIGGY,249.9,4.04,243.45,251.25,253.18,266.31,289.92,320.87,0.0
MARUTI,13366.0,2.05,13130.0,13418.0,13137.36,13303.52,13736.83,14023.64,0.0
MPHASIS,2270.4,-0.32,2255.2,2302.3,2279.25,2280.28,2359.58,2483.55,0.0
TATAELXSI,4064.9,1.39,4012.1,4075.0,4225.69,4301.19,4512.68,4905.23,0.0
HOMEFIRST,1109.3,7.73,1037.5,1114.1,1079.16,1088.66,1101.33,1134.24,0.0
BANKBARODA,274.75,2.67,268.65,276.1,268.13,270.65,274.72,272.75,0.0
POLYMED,1532.4,3.62,1462.3,1537.0,1444.15,1454.5,1499.44,1636.27,0.0
OIL,417.8,-2.69,414.5,426.95,469.99,475.54,469.54,459.94,0.0
NATIONALUM,376.85,1.69,375.2,384.7,400.85,401.71,381.53,337.26,0.0
LTM,3844.7,0.52,3803.7,3888.0,4039.5,4229.37,4549.27,4898.79,0.0
CIEINDIA,450.7,3.35,436.1,454.1,450.39,456.47,452.55,445.66,0.0
IDBI,75.39,4.26,73.36,75.62,73.54,76.06,81.89,87.85,0.0
TITAN,4184.0,3.95,4052.7,4200.0,4143.21,4186.03,4152.28,4015.92,0.0
ICICIBANK,1340.8,1.81,1318.7,1344.3,1274.85,1281.38,1304.49,1337.25,0.0
RAMCOCEM,880.6,3.48,846.2,886.5,881.78,921.68,964.7,1002.55,0.0
ICICIGI,1695.7,-0.98,1671.8,1721.0,1766.24,1792.94,1823.94,1859.61,0.0
NUVOCO,310.55,3.07,303.0,317.9,318.71,317.25,324.18,340.13,0.0
INDGN,510.35,0.71,508.0,516.1,515.2,507.22,503.88,516.01,0.0
JPPOWER,18.39,3.66,17.91,18.45,18.96,18.48,17.86,17.69,0.0
BAYERCROP,4247.6,0.68,4230.0,4270.2,4388.75,4491.17,4571.64,4737.78,0.0
SAPPHIRE,169.25,1.4,166.3,171.25,177.06,180.17,192.46,220.95,0.0
BSOFT,316.0,1.66,309.55,318.7,326.4,342.79,360.54,377.12,0.0
JSWINFRA,291.0,5.65,278.8,294.6,276.29,272.23,271.25,276.97,0.0
AWL,190.82,2.91,186.45,191.78,191.4,193.63,200.92,217.06,0.0
IRFC,95.89,2.74,93.91,96.1,97.1,99.59,103.79,111.34,0.0
POWERGRID,284.8,-0.65,282.7,288.9,291.72,296.93,294.89,290.96,0.0
IOC,140.94,4.99,136.73,141.45,139.06,142.66,147.83,150.68,0.0
GPIL,277.15,-0.27,276.3,284.0,283.48,283.9,276.37,260.38,0.0
POLICYBZR,1547.8,2.9,1494.8,1551.9,1610.41,1622.9,1628.97,1672.85,0.0
GODREJCP,1033.3,2.42,1013.0,1037.7,1020.9,1045.35,1080.1,1119.82,0.0
AMBER,7420.0,1.78,7120.0,7480.0,7614.97,7588.9,7441.42,7293.38,0.0
