symbol,price,change,low,high,ema20,ema50,ema100,ema200,score
WELSPUNLIV,224.68,1.06,219.27,226.41,209.18,191.81,174.51,156.79,91.31
FINCABLES,1460.9,-1.29,1426.1,1493.9,1374.61,1268.64,1167.29,1053.36,84.7
WOCKPHARMA,2265.6,-0.97,2243.0,2329.9,2134.66,2026.96,1904.15,1755.05,83.18
ACE,1226.6,-1.16,1212.1,1250.0,1180.27,1124.14,1062.2,1018.02,81.21
WELCORP,2832.4,5.21,2752.9,2837.5,2579.29,2262.51,1914.89,1551.85,79.06
GRAPHITE,820.7,0.74,815.3,838.55,789.9,745.02,712.4,676.63,75.4
REDINGTON,407.25,0.21,404.1,411.9,386.4,354.26,320.19,295.14,74.41
JSWINFRA,362.05,0.37,360.25,366.0,345.72,335.97,321.67,308.35,72.63
INDGN,608.95,2.5,597.35,621.95,588.13,568.55,547.7,535.02,68.58
ACMESOLAR,442.9,-0.84,431.5,449.75,423.49,399.42,369.78,333.78,68.02
SYRMA,1732.6,2.0,1702.0,1742.7,1616.1,1511.46,1375.86,1197.49,66.67
USHAMART,518.8,-0.84,511.0,525.9,508.8,502.01,491.44,478.02,66.62
APLAPOLLO,2214.7,1.37,2176.5,2219.0,2172.87,2093.76,2022.53,1959.06,65.45
MEDANTA,1495.4,-0.72,1479.9,1509.7,1463.97,1423.36,1360.01,1301.79,64.93
CAPLIPOINT,2835.1,-1.13,2785.0,2909.6,2722.67,2624.01,2461.2,2266.94,63.24
MOTILALOFS,1029.0,0.68,1019.4,1047.0,1009.48,978.07,938.01,905.27,63.09
DIVISLAB,9619.5,0.18,9530.0,9668.5,9294.48,8719.72,8032.38,7339.04,57.01
JYOTICNC,1065.1,-0.69,1054.55,1087.3,1022.08,946.67,881.75,851.35,56.9
ETERNAL,335.0,-0.15,331.7,339.9,328.02,315.72,299.84,291.68,53.39
LALPATHLAB,1952.3,-0.46,1902.7,1986.8,1917.68,1869.64,1778.04,1676.86,50.28
RBLBANK,415.05,0.56,409.1,416.0,407.98,393.96,375.99,352.12,44.96
LAURUSLABS,2007.0,-0.95,1979.2,2040.0,1948.59,1835.31,1663.82,1441.4,41.31
THELEELA,546.15,2.43,525.0,551.5,539.3,523.74,498.1,470.6,36.25
SHYAMMETL,1085.6,-1.12,1081.1,1100.5,1075.27,1044.35,1002.78,956.27,31.94
SPLPETRO,880.0,0.01,856.2,882.0,818.13,771.95,744.85,732.8,31.89
SONACOMS,824.5,1.0,815.4,835.4,802.3,774.05,718.28,640.57,30.99
BALRAMCHIN,685.8,4.0,657.85,697.0,676.43,653.99,613.64,563.37,30.63
MCX,3324.9,-3.0,3310.0,3481.4,3263.94,3130.61,2986.72,2737.2,30.17
BOSCHLTD,48250.0,1.05,47700.0,48445.0,47726.0,45970.11,43338.34,40823.05,28.22
JBCHEPHARM,2408.9,0.0,2408.9,2408.9,2383.82,2289.61,2183.34,2052.38,28.14
SAILIFE,1592.2,-0.17,1581.0,1623.4,1565.43,1474.88,1354.72,1211.17,28.1
URBANCO,168.99,-1.33,167.3,171.59,167.35,157.52,147.87,143.35,25.58
BELRISE,247.92,1.76,243.43,249.75,237.51,235.13,228.38,213.19,25.0
AUROPHARMA,1712.0,-0.23,1699.5,1727.9,1684.27,1639.11,1567.35,1454.23,24.47
HINDZINC,588.95,0.31,587.65,596.4,586.66,580.12,576.22,566.26,24.42
LGEINDIA,1725.4,1.63,1687.2,1734.2,1665.39,1633.32,1602.68,1589.46,23.43
TBOTEK,1696.9,0.57,1668.0,1702.9,1685.26,1628.57,1543.26,1485.42,22.02
ENGINERSIN,315.65,6.4,295.05,318.9,278.87,261.99,248.61,233.23,21.53
GABRIEL,1386.7,-0.76,1371.2,1407.7,1370.49,1358.68,1292.19,1216.02,21.51
MOTHERSON,165.71,1.98,160.72,166.22,163.05,159.59,151.61,140.01,19.46
RADICO,4557.1,1.69,4486.4,4600.0,4486.93,4385.57,4113.11,3744.53,18.56
PCBL,339.6,0.3,335.05,342.95,331.79,324.59,316.73,315.66,17.93
NAVINFLUOR,8584.5,1.46,8467.0,8600.0,8455.21,8225.71,7802.47,7130.46,15.13
CARTRADE,3002.6,-0.07,2970.0,3122.2,2985.81,2887.9,2697.52,2545.76,14.7
LENSKART,680.25,0.63,668.0,683.6,675.25,637.06,592.82,542.53,14.52
IPCALAB,1970.8,-1.32,1950.0,2020.0,1960.31,1888.83,1790.81,1667.35,13.83
IKS,1815.8,-2.81,1804.6,1874.0,1801.83,1785.02,1745.22,1683.65,13.63
APARINDS,17776.0,-0.16,17702.0,18305.0,17630.77,16727.28,15367.3,13456.69,13.45
VIJAYA,1513.6,-0.85,1504.0,1540.0,1505.57,1456.82,1373.85,1261.28,12.72
ANANTRAJ,617.4,-1.07,613.2,628.4,610.13,601.59,583.0,577.74,12.51
BEML,2036.5,-0.39,2025.2,2057.7,2031.48,1955.85,1888.95,1860.89,11.44
GLAND,2917.2,0.68,2882.0,2927.0,2900.2,2775.89,2562.72,2320.55,11.39
ASAHIINDIA,959.95,-0.56,952.4,975.5,958.67,938.77,919.18,908.93,10.01
AEGISLOG,1365.4,-0.31,1355.0,1404.9,1357.9,1299.25,1177.22,1023.48,8.77
CARBORUNIV,1278.5,-1.39,1252.0,1294.9,1154.62,1120.94,1080.2,1020.13,8.21
ADANIPORTS,1788.0,0.15,1775.0,1800.6,1754.47,1739.74,1717.47,1651.8,7.15
SAIL,185.0,0.54,182.77,186.05,181.5,179.71,176.56,168.6,5.7
PHOENIXLTD,1978.4,1.2,1900.1,1990.6,1922.08,1920.96,1892.58,1828.21,2.97
GESHIP,1497.2,0.98,1468.0,1505.0,1420.11,1396.27,1391.94,1340.89,2.72
IIFL,616.95,-0.1,611.1,621.85,616.65,605.47,576.85,545.67,1.7
OBEROIRLTY,1858.5,1.14,1837.5,1882.9,1815.35,1814.95,1779.69,1724.91,1.22
TVSMOTOR,4157.3,1.62,4075.0,4177.9,4156.34,4106.89,3960.64,3806.19,1.1
NEWGEN,485.3,-1.68,483.35,493.5,505.0,513.08,519.95,569.47,0.0
CPPLUS,3687.5,-2.96,3663.2,3943.0,3650.08,3570.46,3301.32,2798.65,0.0
JKCEMENT,5000.0,-3.56,4985.0,5165.0,5051.25,5168.58,5275.76,5443.71,0.0
HDFCBANK,735.6,0.92,723.0,739.65,723.56,733.08,757.38,803.37,0.0
BHARATFORG,2008.0,0.46,1982.0,2009.1,1988.29,2023.66,1994.94,1860.71,0.0
NTPC,326.6,0.0,323.5,327.3,329.96,337.21,346.4,351.31,0.0
ACUTAAS,3272.5,-0.34,3232.0,3311.4,3292.27,3269.44,3125.32,2766.72,0.0
LUPIN,2092.0,-0.41,2077.5,2095.7,2121.81,2197.39,2242.45,2223.59,0.0
CIEINDIA,390.8,0.48,384.35,392.0,388.68,403.3,419.76,427.79,0.0
TECHNOE,1006.2,1.47,983.0,1016.2,992.84,1004.98,1036.68,1087.8,0.0
IRCTC,458.7,-0.54,457.7,461.9,469.6,483.42,504.11,544.02,0.0
ATUL,6070.5,-1.06,6050.0,6164.0,6238.59,6382.75,6446.54,6405.51,0.0
CHOICEIN,751.05,0.21,748.0,760.95,761.67,769.9,761.22,756.06,0.0
NAUKRI,1254.8,2.52,1215.4,1259.0,1281.54,1257.0,1204.05,1186.72,0.0
SARDAEN,493.15,-1.26,491.9,505.0,506.99,509.98,515.5,522.22,0.0
INTELLECT,633.05,-0.88,628.2,639.0,666.22,689.36,713.01,761.0,0.0
PETRONET,286.5,-0.03,283.4,286.5,286.68,285.01,282.65,281.07,0.0
JINDALSTEL,1164.8,0.6,1137.0,1168.9,1139.64,1128.84,1128.66,1122.58,0.0
EICHERMOT,7360.0,0.29,7305.0,7381.0,7579.56,7659.85,7582.35,7439.39,0.0
GLAXO,2815.7,-0.48,2807.4,2842.4,2858.44,2775.72,2657.83,2584.82,0.0
GPIL,229.42,-0.16,228.13,232.39,238.24,244.19,251.95,256.78,0.0
BHEL,418.95,0.87,411.8,423.0,424.22,418.13,398.8,361.32,0.0
DELHIVERY,422.7,-0.84,418.35,426.35,438.5,451.4,455.37,451.59,0.0
JBMA,586.6,-1.09,578.0,593.0,607.75,627.32,634.44,634.5,0.0
GODREJCP,880.0,0.57,871.45,880.55,885.77,932.72,982.03,1037.37,0.0
ANURAS,1192.4,1.29,1171.4,1204.0,1205.64,1226.03,1244.04,1239.84,0.0
INFY,1000.2,-1.41,991.6,1004.2,1058.86,1091.37,1134.37,1218.28,0.0
JUBLPHARMA,1071.95,0.76,1049.2,1078.0,1010.69,975.3,965.28,973.99,0.0
ICICIBANK,1326.8,-0.58,1312.0,1340.8,1369.04,1387.0,1377.76,1364.77,0.0
POONAWALLA,461.55,-1.12,453.2,469.9,462.43,462.42,455.28,453.95,0.0
ZFCVINDIA,2354.2,0.37,2325.1,2361.0,2450.89,2484.81,2473.85,2422.87,0.0
FIVESTAR,520.95,-0.74,514.65,529.45,533.18,529.95,516.73,507.08,0.0
EMCURE,1950.6,-0.08,1931.5,1976.9,1946.13,1908.99,1838.14,1715.04,0.0
TRIDENT,23.12,-0.13,22.88,23.22,23.51,24.1,24.6,25.29,0.0
BPCL,308.5,0.46,305.8,309.4,310.44,311.65,313.27,319.95,0.0
KPRMILL,1106.4,-0.66,1101.1,1120.9,1125.65,1114.64,1081.65,1048.71,0.0
PWL,134.36,1.3,131.5,135.5,130.36,127.13,123.74,124.03,0.0
TENNIND,515.25,0.78,509.0,518.7,521.3,536.09,547.46,545.1,0.0
TARIL,277.65,-0.98,275.8,281.25,287.34,296.76,304.03,321.43,0.0
GAIL,172.7,-0.66,171.59,173.98,173.19,173.02,171.24,170.01,0.0
MAZDOCK,2199.6,-0.11,2185.6,2217.0,2315.9,2393.15,2429.22,2477.26,0.0
ONGC,235.86,-1.31,234.71,238.0,235.76,239.05,245.9,250.67,0.0
TIMKEN,3206.1,-1.56,3192.0,3268.6,3200.47,3224.71,3269.32,3259.3,0.0
THERMAX,3447.2,1.21,3376.0,3460.7,3629.06,3893.55,4006.28,3867.18,0.0
ANGELONE,288.0,-0.93,286.5,292.2,295.46,300.23,301.46,289.38,0.0
GRAVITA,1495.4,-1.32,1492.3,1525.0,1631.01,1684.75,1687.21,1671.52,0.0
SYNGENE,378.7,-0.43,376.95,381.85,385.66,398.0,416.99,456.22,0.0
CLEAN,807.25,-1.01,805.0,823.9,828.16,814.45,804.64,829.19,0.0
CHALET,881.35,-1.51,876.1,896.1,874.08,860.47,843.35,844.59,0.0
ATGL,611.65,-0.12,605.1,615.0,618.74,636.91,643.58,634.81,0.0
MANKIND,2474.9,-1.0,2454.4,2504.6,2383.05,2394.45,2385.32,2359.85,0.0
SUNTV,513.2,0.1,504.55,521.75,477.77,482.66,500.17,520.19,0.0
CANFINHOME,753.25,1.36,736.35,758.0,778.4,803.57,824.34,833.98,0.0
ENDURANCE,2645.9,-0.65,2617.0,2678.4,2730.61,2762.96,2721.7,2677.1,0.0
ANANDRATHI,2126.8,-1.87,2007.0,2178.9,2184.4,2138.01,2030.48,1870.34,0.0
GODFRYPHLP,1970.4,-0.18,1965.0,1987.4,2002.01,2067.08,2134.42,2307.14,0.0
PERSISTENT,5372.0,1.8,5230.0,5385.0,5450.71,5418.06,5335.92,5305.98,0.0
LATENTVIEW,243.75,-0.67,240.5,245.75,257.85,272.52,289.54,318.88,0.0
ADANIENT,2916.5,0.57,2902.5,2939.9,2977.67,2985.29,2894.0,2729.75,0.0
STARHEALTH,558.15,1.41,550.3,569.5,558.31,564.9,554.78,529.12,0.0
AFFLE,1578.0,-0.64,1547.3,1591.8,1589.58,1586.83,1566.73,1591.53,0.0
CGCL,253.7,-2.2,252.5,260.15,260.59,249.53,233.93,216.45,0.0
FORCEMOT,17388.0,1.44,17084.0,17430.0,17522.0,17818.5,18313.28,18647.68,0.0
CRAFTSMAN,10735.0,0.23,10568.0,10799.0,10989.75,10601.18,9913.36,9021.38,0.0
ACC,1236.4,0.02,1230.5,1239.8,1257.88,1293.29,1341.9,1438.2,0.0
ONESOURCE,1602.6,0.5,1567.0,1634.4,1579.62,1586.06,1600.97,1620.96,0.0
GODREJPROP,1700.1,1.73,1666.0,1700.1,1788.52,1881.52,1891.77,1893.26,0.0
INDIGO,4940.0,1.02,4890.0,4956.0,4979.74,5040.96,5001.25,5018.21,0.0
CEMPRO,1257.2,-0.89,1243.0,1285.8,1271.21,1276.38,1202.79,1065.55,0.0
JSL,748.25,1.26,736.0,752.85,741.14,733.39,732.17,737.78,0.0
APTUS,244.6,1.53,240.09,245.0,247.78,255.47,259.65,266.09,0.0
RAILTEL,260.15,-0.54,257.2,261.4,265.76,277.0,289.78,307.03,0.0
KOTAKBANK,404.0,-0.25,399.3,407.95,411.91,406.0,400.68,399.74,0.0
LICI,409.05,0.75,403.05,410.05,406.81,410.99,413.3,417.71,0.0
INDUSTOWER,374.65,-1.37,373.2,379.25,379.32,383.9,392.87,397.16,0.0
AXISBANK,1222.4,3.03,1191.5,1225.0,1240.09,1253.47,1266.49,1263.52,0.0
BERGEPAINT,458.35,1.99,449.8,459.0,468.18,487.81,494.57,498.25,0.0
CYIENT,1094.7,3.49,1050.3,1103.7,1058.46,999.29,963.5,976.37,0.0
EMMVEE,321.9,1.35,310.5,323.45,329.23,326.49,313.14,286.74,0.0
INDIANB,832.0,0.24,825.3,835.8,850.13,855.33,855.44,846.68,0.0
GRSE,2319.0,-1.07,2303.0,2355.0,2427.44,2512.42,2558.88,2565.96,0.0
POWERINDIA,31035.0,1.04,30825.0,31560.0,31702.13,32352.29,31860.94,29369.97,0.0
ABBOTINDIA,26955.0,0.35,26860.0,27095.0,26512.93,26630.25,26758.18,27148.59,0.0
ESCORTS,2855.7,1.16,2817.1,2866.3,2889.96,2948.72,3004.64,3125.31,0.0
CGPOWER,886.0,-0.08,877.5,895.9,890.79,889.14,871.22,830.27,0.0
TATAPOWER,367.5,1.11,362.65,367.8,366.93,372.15,379.83,385.14,0.0
SBFC,88.86,-0.31,88.1,89.94,93.72,94.21,94.11,95.78,0.0
TITAN,4884.0,1.07,4821.5,4884.0,4931.39,4883.02,4710.16,4440.36,0.0
MEESHO,217.06,-6.78,216.07,229.58,217.15,206.1,195.72,185.88,0.0
HDFCLIFE,531.0,0.78,516.45,535.0,540.98,547.11,567.56,609.75,0.0
ABLBL,78.72,0.17,78.01,79.36,82.64,86.99,92.35,101.01,0.0
DRREDDY,1201.0,0.05,1193.4,1207.8,1180.14,1190.62,1214.8,1233.26,0.0
SCHNEIDER,1209.5,-0.76,1204.1,1236.0,1220.52,1246.88,1225.95,1132.61,0.0
IOB,31.98,0.19,31.82,32.14,32.5,33.06,33.57,34.46,0.0
PAYTM,1674.0,-3.54,1658.8,1747.2,1726.59,1600.5,1456.82,1336.67,0.0
ICICIGI,1553.7,-1.48,1550.0,1586.1,1516.65,1576.65,1651.21,1734.5,0.0
GMRAIRPORT,97.95,0.62,96.64,98.2,97.79,100.11,100.97,99.52,0.0
ITCHOTELS,161.9,-1.29,161.01,164.8,159.16,161.78,164.54,173.13,0.0
CANBK,124.99,-0.72,124.8,126.7,125.07,126.61,129.04,131.37,0.0
WIPRO,164.02,0.23,161.66,164.5,169.27,174.91,182.54,196.48,0.0
BRITANNIA,4937.5,0.87,4883.0,4939.5,5045.36,5194.42,5318.07,5483.24,0.0
CONCORDBIO,1453.6,-1.7,1439.2,1479.0,1488.16,1442.88,1378.12,1351.31,0.0
HINDPETRO,351.0,0.17,348.65,353.8,357.38,367.93,378.41,394.0,0.0
LINDEINDIA,6142.5,-0.87,6102.5,6203.5,6300.52,6526.89,6689.47,6678.89,0.0
JWL,226.73,-0.59,224.0,230.0,235.56,244.99,255.88,271.8,0.0
MRF,124035.0,0.04,123440.0,124480.0,127078.46,129354.52,130998.11,134483.28,0.0
GALLANTT,545.1,-0.03,541.2,563.0,553.96,580.5,608.7,624.63,0.0
FEDERALBNK,322.0,-2.28,319.5,332.5,337.84,340.2,329.48,304.78,0.0
JMFINANCIL,127.68,0.51,126.2,128.95,126.58,126.86,127.94,132.63,0.0
SAREGAMA,496.9,-0.31,492.0,504.2,498.34,495.35,473.48,447.22,0.0
JSWCEMENT,115.47,-0.21,112.83,116.29,119.52,124.09,126.1,127.21,0.0
ITC,269.0,0.37,266.3,269.0,266.14,271.55,282.35,305.45,0.0
PARADEEP,155.49,0.64,154.0,156.67,154.47,150.71,145.3,145.95,0.0
SAMMAANCAP,140.61,0.04,138.9,141.78,146.15,151.94,155.02,155.55,0.0
NH,1861.4,-0.87,1849.6,1884.5,1887.54,1897.25,1892.25,1868.62,0.0
TATASTEEL,187.97,-0.03,187.01,190.34,186.13,187.4,190.2,189.88,0.0
TORNTPOWER,1254.6,0.84,1233.8,1264.9,1271.32,1307.68,1353.18,1369.14,0.0
BAJAJHFL,83.14,0.22,81.96,83.6,83.75,84.49,85.56,89.02,0.0
GODREJIND,1105.3,0.57,1090.4,1146.0,1131.92,1168.32,1156.53,1127.49,0.0
VOLTAS,1118.2,0.43,1103.9,1122.1,1152.09,1206.88,1256.29,1303.23,0.0
IRCON,105.95,-0.61,104.76,107.21,112.76,119.72,127.04,136.91,0.0
ASTERDM,759.4,-1.2,753.3,769.95,765.54,776.29,765.44,732.14,0.0
KPITTECH,519.4,0.49,507.8,519.5,551.12,582.53,638.32,753.18,0.0
CEATLTD,3352.2,-0.05,3334.0,3391.6,3391.61,3448.83,3482.31,3512.94,0.0
COCHINSHIP,1377.0,0.51,1365.0,1385.0,1413.57,1443.19,1465.68,1513.1,0.0
ZEEL,76.87,-1.66,76.64,78.37,83.37,91.0,93.97,95.63,0.0
CHENNPETRO,1376.4,0.27,1368.6,1412.0,1421.91,1365.52,1269.14,1142.55,0.0
NSLNISP,42.17,-0.87,41.71,42.81,43.12,43.4,43.36,43.16,0.0
HINDALCO,977.0,-0.51,971.2,983.4,994.06,1002.61,998.89,966.21,0.0
RPOWER,20.57,-0.48,20.29,20.75,21.44,22.56,24.13,27.43,0.0
IEX,112.7,1.35,110.89,112.9,115.54,119.34,122.11,125.83,0.0
SUNPHARMA,1852.2,0.12,1841.6,1858.7,1870.41,1887.39,1870.68,1820.75,0.0
BALKRISIND,2185.3,0.81,2150.0,2192.2,2225.2,2252.35,2253.98,2265.13,0.0
PIIND,2400.0,0.27,2362.6,2405.6,2384.8,2486.65,2626.44,2830.31,0.0
CDSL,1318.0,-0.15,1313.0,1337.4,1353.82,1353.19,1341.99,1353.61,0.0
COLPAL,1855.8,0.05,1835.4,1862.2,1864.21,1913.91,1969.18,2030.24,0.0
BLUEJET,570.65,-0.49,563.5,576.6,576.32,571.81,549.03,535.21,0.0
ASHOKLEY,159.08,1.13,156.1,159.52,163.64,165.25,165.26,164.3,0.0
BDL,1140.0,-1.3,1138.3,1166.7,1199.87,1248.05,1279.91,1324.1,0.0
HUDCO,173.99,-0.19,173.24,175.3,176.52,184.62,191.69,198.73,0.0
HINDCOPPER,494.65,-0.21,489.4,498.65,510.02,516.33,516.44,496.82,0.0
AFCONS,252.5,-0.49,249.75,255.6,265.67,276.77,291.19,318.24,0.0
HOMEFIRST,1123.1,-2.97,1097.3,1133.5,1191.76,1188.2,1171.9,1158.26,0.0
HAVELLS,1096.5,0.6,1085.2,1097.3,1132.9,1177.46,1208.95,1264.63,0.0
EIHOTEL,294.7,-0.74,292.0,296.95,297.99,303.41,310.52,322.06,0.0
CANHLIFE,150.7,-0.53,146.0,151.7,152.56,150.88,147.85,142.27,0.0
DALBHARAT,1700.2,-1.22,1680.7,1746.2,1748.53,1776.81,1806.33,1879.72,0.0
CHOLAFIN,1662.7,-1.13,1637.6,1681.9,1785.49,1798.38,1760.38,1711.34,0.0
SJVN,61.76,-0.77,61.21,62.69,64.4,66.34,68.75,72.47,0.0
SHRIRAMFIN,994.1,0.41,986.4,1002.0,1024.02,1041.68,1028.08,974.83,0.0
AUBANK,1018.0,1.79,997.0,1021.2,1047.76,1052.24,1036.01,993.53,0.0
JUBLFOOD,484.55,1.18,474.1,490.0,482.65,475.26,470.93,487.44,0.0
IREDA,113.22,2.82,109.2,114.53,112.39,115.7,119.59,125.31,0.0
AJANTPHARM,3547.8,0.23,3525.0,3554.9,3537.32,3490.82,3360.02,3145.71,0.0
SIEMENS,3877.0,0.92,3828.1,3881.6,3895.87,3868.1,3764.31,3594.38,0.0
NIACL,176.6,-2.11,175.8,180.41,190.02,186.65,179.49,173.99,0.0
EMAMILTD,389.25,-0.32,381.15,392.1,381.01,388.9,403.33,432.2,0.0
OLAELEC,38.48,-9.5,38.01,42.5,38.67,38.81,38.63,39.34,0.0
SBILIFE,1742.0,-0.74,1732.3,1758.4,1740.05,1767.25,1800.81,1835.25,0.0
DEEPAKNTR,1587.1,-0.86,1575.0,1608.3,1634.21,1665.5,1666.83,1671.14,0.0
HYUNDAI,2115.0,2.64,2052.5,2135.0,2150.7,2132.42,2092.43,2124.98,0.0
ASHAPURMIN,506.5,-0.83,505.05,514.85,541.63,584.37,612.88,633.09,0.0
NESTLEIND,1362.6,0.86,1348.3,1362.6,1393.37,1421.04,1413.8,1370.06,0.0
DIXON,13390.0,0.68,13211.0,13514.0,13583.92,13649.16,13243.26,13156.93,0.0
TATAINVEST,651.6,-1.03,645.5,661.3,665.28,662.52,666.62,689.95,0.0
UPL,550.05,0.08,543.6,552.0,564.59,576.67,595.92,623.16,0.0
PIDILITIND,1517.2,-0.32,1495.7,1530.0,1576.44,1592.45,1568.41,1530.24,0.0
RITES,199.31,-1.2,198.52,203.57,208.26,212.8,214.52,218.79,0.0
KEC,396.95,0.39,391.0,398.5,407.27,432.96,471.74,540.79,0.0
JSWDULUX,3199.6,2.15,3113.9,3249.0,3144.92,3117.5,3093.88,3101.36,0.0
TMPV,290.45,-1.54,288.0,297.7,305.1,318.37,333.61,370.7,0.0
DEVYANI,135.02,-1.8,133.11,137.65,138.74,134.05,128.81,129.92,0.0
LEMONTREE,106.15,-0.53,104.86,107.04,106.34,108.23,111.72,120.48,0.0
DCMSHRIRAM,974.3,-0.13,966.2,979.4,997.18,1016.42,1041.71,1078.5,0.0
GROWW,187.06,0.27,185.0,189.4,191.88,194.06,192.45,182.94,0.0
JINDALSAW,285.5,0.85,280.05,291.3,293.14,284.35,266.77,243.25,0.0
BLS,224.26,0.16,221.7,224.7,233.15,241.4,250.42,265.85,0.0
ENRIN,3313.0,3.04,3210.3,3333.0,3216.85,3282.81,3288.19,3247.21,0.0
MPHASIS,2234.0,-0.63,2203.6,2240.0,2323.24,2354.58,2361.03,2413.53,0.0
KALYANKJIL,573.0,-0.1,566.4,579.1,588.73,570.01,526.81,488.97,0.0
ERIS,1258.9,-1.23,1255.0,1280.9,1306.51,1337.58,1363.72,1403.01,0.0
NUVOCO,335.45,0.13,330.2,337.7,331.86,331.4,330.3,338.38,0.0
ABSLAMC,1014.5,-0.95,1001.5,1023.7,1044.25,1047.85,1037.93,989.3,0.0
GODIGIT,253.7,1.36,250.25,254.4,252.06,262.48,278.05,297.41,0.0
DMART,3834.2,1.23,3771.6,3834.2,3788.67,3872.31,3961.63,4047.99,0.0
NATIONALUM,358.7,0.08,357.05,362.9,363.79,369.12,370.07,353.28,0.0
IOC,135.7,-0.42,135.33,137.06,136.43,137.93,140.67,145.02,0.0
MARICO,819.0,-0.67,807.05,824.0,821.6,829.68,824.29,801.55,0.0
LTTS,3206.1,-0.09,3178.0,3229.0,3350.09,3412.28,3453.11,3566.89,0.0
FORTIS,837.85,-4.5,832.0,880.55,891.58,911.09,921.22,927.28,0.0
MANAPPURAM,334.0,2.79,323.25,334.25,328.78,334.48,328.63,315.94,0.0
INDUSINDBK,912.2,-0.79,906.9,923.9,966.59,979.6,964.04,922.97,0.0
KEI,4673.5,0.8,4624.0,4712.5,4798.69,5021.39,5039.55,4868.04,0.0
SUNDARMFIN,4508.0,-1.83,4455.0,4590.3,4640.57,4605.03,4609.98,4633.19,0.0
ZENTEC,1682.4,2.23,1613.7,1695.0,1720.6,1751.24,1721.13,1639.0,0.0
JKTYRE,345.85,-0.39,338.55,348.05,356.92,371.91,387.11,400.61,0.0
AWL,184.34,-0.19,181.61,185.1,186.58,188.76,191.64,202.08,0.0
KARURVYSYA,327.95,0.91,322.2,328.65,332.19,330.07,319.39,300.31,0.0
BANKINDIA,137.94,0.13,137.12,138.3,139.86,141.28,142.58,142.18,0.0
DATAPATTNS,4418.8,0.53,4355.0,4452.0,4533.14,4512.91,4322.05,3917.2,0.0
PVRINOX,1254.6,-0.17,1245.0,1292.0,1255.61,1193.79,1131.38,1090.85,0.0
SBICARD,611.2,-1.16,606.7,621.65,638.61,640.84,649.77,688.81,0.0
CROMPTON,218.6,-0.55,217.5,221.75,228.37,239.48,248.81,257.3,0.0
VMM,103.5,-1.86,103.0,105.69,104.26,107.11,111.09,117.63,0.0
SWANCORP,294.85,0.05,292.85,298.0,295.31,300.66,313.79,342.42,0.0
JSWENERGY,506.55,-0.68,503.15,513.1,522.94,535.58,539.27,534.22,0.0
GLENMARK,2380.0,-2.07,2365.7,2435.2,2420.7,2369.56,2308.4,2221.97,0.0
PREMIERENE,896.4,-0.18,884.6,900.0,944.38,983.85,991.61,980.51,0.0
BLUEDART,4746.5,-0.97,4712.0,4804.5,4877.39,4949.15,5015.43,5150.44,0.0
FSL,259.45,-1.03,257.35,264.95,266.41,266.74,264.81,271.67,0.0
WHIRLPOOL,918.9,7.67,835.55,960.0,793.23,793.0,812.19,871.1,0.0
MFSL,1458.0,3.4,1390.0,1463.8,1512.37,1534.28,1563.19,1589.25,0.0
ADANIENSOL,1338.5,-0.15,1315.0,1344.0,1407.61,1471.99,1451.35,1333.89,0.0
CENTRALBK,31.18,-0.03,31.06,31.35,31.04,31.23,32.02,33.4,0.0
HONAUT,33865.0,0.71,33315.0,33990.0,34787.17,35711.85,35531.43,34990.02,0.0
MAXHEALTH,1014.0,-3.06,1008.0,1052.0,1034.0,1038.37,1042.36,1050.11,0.0
MRPL,164.6,0.07,162.76,166.39,169.16,169.14,167.61,164.37,0.0
ICICIPRULI,463.0,-0.32,458.15,469.0,482.02,492.12,507.24,533.78,0.0
360ONE,1073.0,-0.72,1062.3,1087.9,1100.61,1120.1,1117.02,1105.3,0.0
TTML,34.44,-1.66,33.84,35.25,36.18,37.76,39.52,42.32,0.0
SOLARINDS,19745.0,1.36,19455.0,19890.0,20067.82,19695.86,18663.37,17139.59,0.0
INOXWIND,74.75,2.27,72.86,75.5,75.14,76.81,81.92,92.81,0.0
JIOFIN,227.0,-0.09,225.45,227.84,232.21,237.19,241.3,250.98,0.0
TCS,2082.0,-0.24,2038.1,2090.2,2186.34,2240.98,2303.65,2450.9,0.0
CONCOR,461.5,-1.03,458.55,468.15,488.99,495.9,495.16,497.47,0.0
NEULANDLAB,21890.0,-0.07,21800.0,22660.0,22647.89,21830.28,20168.32,18259.88,0.0
CAMS,707.35,-0.46,703.5,714.9,722.86,743.22,751.16,751.14,0.0
BAJFINANCE,996.9,1.52,980.2,997.2,1031.5,1040.05,1021.11,1001.01,0.0
CIPLA,1399.7,0.05,1388.4,1421.0,1391.02,1404.47,1402.69,1406.52,0.0
CCL,1044.4,0.47,1027.5,1053.0,1074.79,1102.92,1107.13,1072.96,0.0
KIMS,780.15,-2.54,775.95,801.0,782.53,782.43,770.35,745.26,0.0
SWIGGY,264.85,-0.97,261.4,268.95,275.13,274.63,277.2,297.71,0.0
YESBANK,22.5,0.27,22.35,22.58,22.84,22.85,22.66,22.25,0.0
RAINBOW,1374.2,-2.72,1350.0,1422.3,1438.49,1446.88,1419.72,1378.2,0.0
PFIZER,4000.8,-1.12,3988.0,4066.0,4213.33,4442.35,4566.17,4680.01,0.0
IFCI,73.95,-1.65,73.2,75.62,80.44,80.12,76.13,69.78,0.0
UNITDSPR,1423.8,0.04,1417.3,1437.6,1427.98,1439.52,1417.14,1388.83,0.0
BANKBARODA,235.26,0.41,234.12,236.03,236.85,242.67,251.39,260.1,0.0
AARTIIND,489.25,-0.04,484.6,492.7,495.89,497.73,486.27,461.24,0.0
TATAELXSI,3186.9,0.1,3144.0,3201.0,3377.16,3548.66,3780.3,4153.59,0.0
SUPREMEIND,3550.0,3.38,3426.2,3555.0,3478.58,3487.9,3515.14,3605.32,0.0
HBLENGINE,806.0,3.96,765.95,811.55,737.81,728.21,739.33,760.54,0.0
NMDC,79.9,-1.14,79.57,81.12,82.17,83.74,84.41,83.4,0.0
IDFCFIRSTB,83.8,0.05,83.27,84.25,85.49,84.14,81.33,78.42,0.0
APOLLOHOSP,8889.0,0.01,8821.5,8934.5,8849.98,8785.47,8585.15,8249.52,0.0
AMBUJACEM,383.8,-0.08,381.7,387.2,393.71,406.9,422.86,451.87,0.0
BBTC,1435.2,-0.15,1426.1,1455.8,1458.83,1476.83,1506.61,1570.31,0.0
ATHERENERG,1497.0,-0.13,1484.0,1511.8,1556.36,1467.92,1305.56,1099.75,0.0
BIOCON,382.15,-1.25,380.5,388.7,393.1,403.41,404.7,396.02,0.0
BHARTIARTL,1785.4,-0.58,1785.0,1801.7,1842.5,1871.79,1884.69,1901.47,0.0
ANTHEM,873.6,-1.36,869.4,890.85,907.21,878.6,834.34,789.72,0.0
DLF,683.0,1.88,670.6,683.6,661.85,657.49,646.7,647.65,0.0
TECHM,1548.0,0.32,1526.6,1554.7,1562.17,1562.41,1539.59,1512.95,0.0
AEGISVOPAK,287.5,-0.55,286.3,294.4,294.08,282.24,265.08,251.17,0.0
TATACOMM,1666.5,-0.21,1650.1,1682.0,1727.07,1747.47,1752.05,1732.6,0.0
POLICYBZR,1166.0,-3.41,1115.0,1261.7,1685.6,1703.03,1679.44,1666.22,0.0
TIINDIA,2511.1,-1.16,2506.1,2547.8,2630.86,2736.59,2798.53,2831.32,0.0
HAL,4800.0,0.54,4760.1,4819.5,4827.99,4774.09,4649.93,4557.76,0.0
POLYMED,1724.4,0.49,1708.5,1733.8,1724.01,1709.29,1665.69,1657.54,0.0
TRAVELFOOD,1213.3,-0.07,1191.0,1230.0,1252.77,1279.08,1277.76,1271.2,0.0
COROMANDEL,1963.9,1.1,1934.0,1975.0,1955.76,1975.63,1995.66,2045.73,0.0
HEG,244.35,3.87,234.55,251.95,342.75,471.51,524.91,542.23,0.0
ITI,252.9,0.74,250.1,253.9,261.24,270.95,278.46,285.4,0.0
3MINDIA,33925.0,-1.92,33800.0,34595.0,33693.89,33895.66,33815.12,33330.1,0.0
ABB,7052.5,-1.07,7025.0,7201.5,7246.07,7297.71,7130.08,6704.63,0.0
EXIDEIND,423.65,-0.68,419.85,431.7,428.02,430.01,415.73,397.08,0.0
KFINTECH,888.8,-1.02,887.95,908.7,910.98,916.36,918.05,941.37,0.0
HCLTECH,1258.0,1.16,1234.6,1266.5,1265.73,1269.41,1275.12,1316.08,0.0
PINELABS,176.57,-1.53,175.46,182.0,180.57,170.88,169.58,181.92,0.0
BAJAJ-AUTO,11281.0,0.65,11212.0,11332.0,11543.85,11408.34,10989.65,10408.05,0.0
ADANIGREEN,1296.6,1.29,1270.2,1299.6,1298.02,1329.71,1322.55,1252.73,0.0
FIRSTCRY,180.83,0.67,176.0,181.33,178.42,190.25,205.6,233.11,0.0
CESC,139.86,-0.02,137.63,140.75,145.22,152.58,158.53,161.94,0.0
GILLETTE,7072.0,-0.65,6970.0,7117.0,7245.84,7427.27,7610.11,7917.12,0.0
ASTRAL,1399.0,0.5,1385.6,1399.0,1430.27,1455.0,1472.7,1478.06,0.0
UTIAMC,901.85,-0.67,893.6,907.9,903.88,909.19,931.11,989.83,0.0
LICHSGFIN,566.0,0.31,558.6,569.55,552.36,542.27,539.63,540.93,0.0
DOMS,2083.0,-1.23,2077.5,2109.0,2143.82,2190.76,2232.51,2295.8,0.0
MGL,1071.3,-0.77,1062.9,1088.0,1084.69,1096.51,1103.65,1121.26,0.0
LLOYDSME,1838.0,0.88,1808.7,1851.0,1834.39,1844.57,1788.5,1655.92,0.0
HDBFS,648.15,-1.94,647.15,662.05,675.24,683.42,687.63,696.1,0.0
ABFRL,49.14,2.25,47.88,49.28,50.76,53.76,57.13,62.47,0.0
OFSS,10770.0,-1.42,10332.0,10805.0,11432.5,11397.35,10810.38,9940.0,0.0
TATACONSUM,983.2,-0.31,979.2,989.9,1006.53,1039.81,1071.68,1098.69,0.0
BEL,393.55,0.4,388.6,394.55,398.96,403.61,408.88,412.45,0.0
MSUMI,34.29,-1.18,34.22,34.74,36.07,37.56,38.74,40.41,0.0
RKFORGE,704.5,-0.71,695.65,715.5,711.87,691.05,652.42,609.74,0.0
TEGA,2091.6,1.44,2049.4,2100.0,1857.34,1749.09,1718.91,1737.58,0.0
MINDACORP,678.85,-0.21,674.8,686.3,692.53,692.23,668.03,633.74,0.0
BAJAJHLDNG,10940.0,0.21,10738.0,11027.0,11153.06,11089.93,10940.59,10985.04,0.0
SBIN,983.0,0.46,977.0,985.7,1002.05,1018.78,1025.37,1015.79,0.0
NLCINDIA,262.55,-0.27,258.75,264.0,267.72,278.08,286.3,286.69,0.0
IRFC,79.95,0.11,79.2,79.99,81.47,84.72,89.57,97.38,0.0
PFC,338.0,-0.4,336.3,340.05,349.96,369.4,387.33,397.05,0.0
IGIL,330.55,1.63,321.95,332.4,326.23,334.17,339.23,340.24,0.0
MUTHOOTFIN,2835.0,0.34,2808.0,2839.6,2858.82,2931.7,3042.1,3162.02,0.0
BAJAJFINSV,1771.0,0.49,1755.0,1778.1,1879.55,1909.88,1898.72,1906.82,0.0
ADANIPOWER,202.75,1.64,196.1,203.6,205.98,208.59,206.41,194.11,0.0
BSE,3191.5,0.24,3155.3,3209.7,3284.01,3400.78,3451.79,3290.22,0.0
ELECON,458.25,-0.19,448.6,463.5,432.11,440.45,453.93,469.29,0.0
TATATECH,703.05,-2.05,700.0,716.9,753.57,764.73,741.81,709.48,0.0
PGEL,518.5,0.79,512.05,520.4,541.31,558.91,558.22,551.78,0.0
CREDITACC,1298.8,-1.24,1295.0,1321.8,1390.49,1428.66,1418.54,1386.01,0.0
APOLLOTYRE,400.1,0.54,395.5,400.95,414.76,422.97,427.23,437.84,0.0
JAINREC,286.85,-1.54,285.35,292.95,287.33,303.41,330.32,351.41,0.0
HFCL,211.27,0.28,207.1,214.7,222.27,218.19,196.96,161.41,0.0
MAHABANK,84.88,3.03,81.91,84.88,82.93,82.41,80.65,75.79,0.0
WAAREEENER,2495.0,0.52,2470.0,2516.0,2552.99,2647.12,2764.32,2893.23,0.0
NHPC,76.0,-0.33,75.42,76.32,76.26,76.84,77.44,78.53,0.0
GRASIM,3191.0,0.77,3161.0,3212.5,3221.82,3216.63,3146.61,3035.07,0.0
SRF,2540.0,0.24,2495.1,2540.0,2539.4,2585.24,2627.49,2679.07,0.0
ELGIEQUIP,603.0,-0.95,595.1,611.6,612.07,606.13,589.07,559.88,0.0
IGL,144.95,-0.54,144.22,146.48,149.15,151.48,155.56,164.63,0.0
NIVABUPA,77.19,1.39,76.0,78.15,80.09,81.81,81.98,81.17,0.0
BANDHANBNK,187.7,2.62,182.91,188.23,177.29,178.42,180.74,177.82,0.0
HINDUNILVR,1942.9,0.49,1915.0,1942.9,1959.93,2015.74,2082.99,2175.66,0.0
BIKAJI,573.95,-0.22,565.15,579.75,575.23,597.23,618.6,643.8,0.0
LTF,284.0,0.71,280.05,285.75,304.33,307.04,302.59,293.41,0.0
VTL,554.0,-1.7,550.0,564.2,571.22,587.33,587.82,559.34,0.0
SONATSOFTW,279.9,1.89,270.8,280.55,282.02,289.15,289.92,296.28,0.0
CRISIL,4520.0,0.37,4430.0,4547.8,4601.31,4518.24,4413.21,4384.8,0.0
IDEA,14.26,0.99,14.08,14.38,14.39,14.16,13.57,12.48,0.0
TITAGARH,822.6,0.41,811.15,825.0,837.12,839.41,830.81,823.86,0.0
UBL,1251.3,-1.49,1243.2,1271.2,1265.7,1309.04,1356.73,1442.1,0.0
RAMCOCEM,867.55,-0.52,858.55,875.45,878.7,893.77,913.85,944.44,0.0
UCOBANK,23.9,0.67,23.55,23.95,24.21,24.98,25.63,26.59,0.0
HSCL,678.75,0.57,674.3,684.95,673.7,684.32,662.31,608.58,0.0
KIRLOSENG,2137.2,-1.26,2125.1,2189.2,2152.29,2142.66,2040.74,1801.14,0.0
ASIANPAINT,2444.0,2.14,2397.0,2451.0,2486.27,2562.46,2584.68,2565.05,0.0
COALINDIA,426.1,0.97,421.35,426.65,419.62,420.47,425.84,425.01,0.0
SHREECEM,22520.0,0.76,22225.0,22520.0,22894.01,23922.72,24611.03,25445.24,0.0
TRITURBINE,554.2,0.43,546.4,558.75,563.94,582.81,588.84,575.19,0.0
HEROMOTOCO,5360.0,1.21,5304.0,5397.0,5355.29,5350.31,5306.27,5318.15,0.0
SUZLON,40.8,0.15,40.11,41.09,43.75,46.48,48.55,50.03,0.0
PRESTIGE,1477.8,0.19,1449.5,1486.9,1506.31,1541.8,1533.14,1519.59,0.0
NAVA,551.45,-1.0,548.2,563.0,555.65,565.77,577.99,590.42,0.0
OLECTRA,1207.2,-2.96,1204.3,1247.0,1232.25,1272.6,1281.03,1289.09,0.0
INDIAMART,1642.1,0.38,1625.9,1645.0,1679.68,1747.25,1841.46,1969.63,0.0
HEXT,496.7,-0.53,492.45,499.5,517.95,530.39,534.89,557.16,0.0
RRKABEL,2528.3,-0.06,2482.6,2567.7,2516.14,2524.09,2360.27,2068.61,0.0
PPLPHARMA,210.31,1.05,206.04,212.4,210.33,204.02,193.15,184.92,0.0
NETWEB,4545.0,-2.5,4522.0,4710.0,4832.27,4822.68,4601.35,4262.91,0.0
FLUOROCHEM,4441.4,-0.77,4433.0,4506.9,4574.14,4492.5,4259.71,3996.03,0.0
ALKEM,5274.0,-0.98,5237.0,5325.0,5299.19,5363.52,5416.23,5452.68,0.0
PATANJALI,403.95,-0.22,401.55,407.9,370.93,368.63,391.25,436.32,0.0
GRANULES,868.65,1.83,849.05,875.0,865.47,851.87,813.46,743.59,0.0
INDHOTEL,726.8,-0.27,721.95,731.25,727.59,723.41,712.18,703.68,0.0
PIRAMALFIN,2142.7,1.82,2049.0,2164.5,2209.54,2172.47,2092.66,1942.9,0.0
HDFCAMC,2378.0,-0.1,2366.5,2395.5,2445.03,2508.13,2556.15,2604.49,0.0
PAGEIND,37695.0,0.52,37350.0,37845.0,36360.85,37021.89,37393.22,37577.21,0.0
MMTC,58.35,0.66,57.51,58.72,60.95,62.51,63.35,63.67,0.0
RELIANCE,1226.0,0.56,1210.5,1227.4,1258.46,1282.42,1307.44,1341.21,0.0
CUB,225.57,2.29,221.79,227.11,227.4,222.8,215.75,205.92,0.0
TATACAP,339.15,0.86,333.35,341.15,352.94,355.87,350.63,343.58,0.0
AAVAS,1267.7,0.9,1242.7,1277.2,1293.79,1330.44,1355.59,1391.15,0.0
LTM,4083.0,1.11,3996.0,4083.0,4289.21,4332.49,4360.73,4557.06,0.0
VBL,434.8,0.82,428.3,436.6,423.0,434.74,450.44,459.07,0.0
NAM-INDIA,1157.0,1.06,1130.0,1161.5,1164.42,1166.87,1133.92,1066.09,0.0
FACT,777.9,0.01,770.1,782.95,788.55,808.43,826.62,842.67,0.0
SOBHA,1226.6,-0.09,1206.8,1243.0,1236.68,1284.14,1327.13,1374.09,0.0
NCC,132.82,-0.45,131.05,134.13,139.13,142.42,145.94,154.23,0.0
SAPPHIRE,223.61,-0.93,220.5,227.69,228.81,220.26,210.62,213.89,0.0
PTCIL,21810.0,-0.05,21515.0,22155.0,22212.61,20986.62,19689.29,18515.37,0.0
EIDPARRY,704.75,2.2,687.3,710.0,728.05,752.13,773.73,821.75,0.0
NBCC,82.86,0.63,81.73,83.11,84.19,88.32,92.05,96.03,0.0
AIAENG,3919.4,-0.86,3884.0,3984.6,4073.17,4256.23,4278.83,4108.28,0.0
SAGILITY,44.69,-0.69,44.17,45.25,45.17,44.26,43.57,43.67,0.0
GMDCLTD,538.0,-0.83,534.0,544.6,558.96,570.96,584.09,591.07,0.0
COFORGE,1784.0,-0.11,1767.1,1793.6,1827.82,1774.73,1669.82,1595.07,0.0
BHARTIHEXA,1481.8,-1.69,1477.0,1505.2,1525.2,1541.23,1550.55,1574.86,0.0
COHANCE,459.25,1.12,450.05,460.0,449.39,445.66,442.35,478.37,0.0
TORNTPHARM,4988.5,1.22,4906.5,4990.5,4932.37,4893.44,4752.59,4494.19,0.0
CHAMBLFERT,417.95,-0.06,416.0,423.5,419.43,429.55,439.13,449.93,0.0
IRB,17.68,-1.12,17.61,17.89,18.72,19.3,19.85,20.31,0.0
SCI,274.4,-0.8,271.8,277.7,281.06,286.15,285.73,274.96,0.0
RVNL,207.0,0.49,203.92,207.33,209.5,218.06,233.77,259.52,0.0
IDBI,84.4,2.18,82.6,85.3,84.32,84.47,84.23,85.8,0.0
DABUR,385.6,-0.03,381.55,386.0,386.41,397.95,415.21,438.42,0.0
GICRE,337.5,-0.52,336.3,340.8,345.99,352.62,360.2,366.42,0.0
SCHAEFFLER,4007.7,-0.41,3968.0,4041.5,4021.68,4039.86,4051.99,4048.94,0.0
BRIGADE,597.9,-1.37,595.4,610.0,626.15,611.36,591.0,590.48,0.0
JPPOWER,15.87,0.19,15.58,15.96,16.16,16.71,17.08,17.24,0.0
BLUESTARCO,1565.0,2.62,1503.0,1570.6,1525.43,1548.23,1598.73,1672.33,0.0
ABDL,715.05,0.41,705.8,753.8,646.66,628.46,608.59,583.07,0.0
TRENT,2669.3,-1.14,2646.0,2720.0,2799.15,2864.42,2907.28,3109.1,0.0
BAYERCROP,3717.6,-0.5,3700.0,3759.7,3885.91,4018.47,4159.8,4337.6,0.0
NTPCGREEN,93.47,-2.05,92.5,95.43,90.75,91.53,93.53,95.08,0.0
MARUTI,12065.0,0.63,11975.0,12098.0,12501.84,13003.74,13354.14,13896.89,0.0
POLYCAB,8408.5,0.5,8350.0,8463.0,8475.96,8746.75,8784.39,8513.67,0.0
NATCOPHARM,839.3,-0.32,834.25,850.1,835.46,869.19,904.57,914.11,0.0
ABREL,1230.9,1.58,1208.0,1245.0,1280.94,1328.2,1348.95,1396.44,0.0
HONASA,465.5,-1.58,462.1,478.75,472.53,464.79,437.94,393.62,0.0
NYKAA,333.7,-0.48,329.7,336.7,335.16,329.17,314.26,293.25,0.0
ABCAPITAL,390.0,-0.03,384.8,392.2,397.37,397.2,387.13,367.99,0.0
POWERGRID,269.5,1.16,266.9,269.75,267.55,271.87,278.02,281.82,0.0
LTFOODS,422.35,-0.51,418.9,429.35,429.92,423.07,413.61,406.98,0.0
CUMMINSIND,4945.0,-0.56,4922.5,4991.5,5058.34,5196.59,5223.86,5037.67,0.0
AADHARHFC,444.5,-0.49,441.3,450.6,463.09,476.32,482.96,486.87,0.0
CASTROLIND,201.67,3.53,194.23,202.1,191.81,189.05,187.42,187.46,0.0
JSWSTEEL,1277.0,0.3,1266.3,1288.6,1280.72,1281.01,1269.06,1241.54,0.0
KAJARIACER,1218.1,-0.3,1213.0,1227.0,1218.65,1211.46,1181.48,1146.69,0.0
KAYNES,3650.0,4.0,3515.0,3658.0,3566.46,3579.02,3625.17,4017.61,0.0
KPIL,1391.2,-0.6,1385.1,1418.6,1404.59,1379.53,1340.16,1292.78,0.0
JUBLINGREA,656.1,3.27,630.35,660.0,655.91,678.16,681.2,674.58,0.0
UNOMINDA,1218.0,-0.52,1215.1,1236.2,1227.26,1216.02,1192.62,1188.62,0.0
BATAINDIA,629.8,0.45,621.5,632.4,650.86,673.22,698.01,766.73,0.0
AMBER,6960.0,0.71,6876.0,7010.0,7155.11,7301.62,7382.24,7444.91,0.0
TMCV,441.5,1.0,436.6,445.0,445.06,443.41,434.39,418.48,0.0
INDIACEM,323.1,-2.12,319.2,334.6,347.13,362.77,375.06,385.22,0.0
CHOLAHLDNG,1400.6,-2.23,1388.0,1431.7,1492.46,1527.93,1561.11,1625.5,0.0
ULTRACEMCO,11155.0,0.9,11027.0,11184.0,11127.21,11342.25,11482.82,11631.86,0.0
VEDL,266.35,-0.43,264.3,267.25,266.95,277.35,322.59,391.73,0.0
LT,3876.2,0.46,3842.4,3887.5,3918.21,3955.45,3965.72,3946.11,0.0
LODHA,1165.0,0.6,1147.0,1170.3,1160.93,1159.42,1112.51,1077.92,0.0
TEJASNET,503.85,-1.46,501.0,513.0,530.29,533.67,523.75,512.91,0.0
AIIL,559.6,1.45,548.95,572.0,544.46,540.78,532.51,533.24,0.0
DEEPAKFERT,1363.8,0.18,1341.5,1397.8,1369.37,1418.85,1413.94,1383.62,0.0
RHIM,386.45,0.69,378.3,388.05,376.58,380.99,387.8,400.58,0.0
MAPMYINDIA,881.9,-0.1,873.6,894.3,927.63,964.43,996.21,1103.68,0.0
BSOFT,274.05,-1.31,273.3,278.15,284.42,293.51,308.34,329.09,0.0
PNBHOUSING,1094.9,0.04,1077.2,1102.5,1136.61,1126.05,1084.83,1023.68,0.0
RECLTD,312.95,1.52,307.25,312.95,315.36,328.08,337.91,346.46,0.0
SUMICHEM,446.35,-0.74,443.5,452.55,474.37,491.15,486.63,480.06,0.0
NUVAMA,1681.4,-0.83,1674.9,1722.4,1724.03,1736.42,1684.41,1581.7,0.0
SIGNATURE,788.85,0.54,776.2,809.0,775.28,786.02,806.94,859.49,0.0
PNB,116.6,-0.44,116.23,118.01,116.58,114.79,113.35,113.2,0.0
UNIONBANK,180.2,0.42,178.34,180.72,180.32,179.4,176.66,171.0,0.0
TATACHEM,643.75,-1.3,633.6,654.65,664.36,668.11,685.58,721.34,0.0
OIL,475.15,-0.8,470.7,476.65,479.52,472.31,465.73,457.73,0.0
